GAME_ID,TEAM1,TEAM2,DATE,PF,3PM,DUNKS,OT,CLUTCH,GEI
22401186,ATL,ORL,2025-04-13,23,32,16,0,0,4.9
22401188,BKN,NYK,2025-04-13,49,28,5,0,1,7.5
22401195,UTA,MIN,2025-04-13,31,29,11,0,0,5.1
22401194,MEM,DAL,2025-04-13,28,20,19,0,0,3.2
22401196,OKC,NOP,2025-04-13,44,16,6,0,0,3.7
22401200,SAC,PHX,2025-04-13,16,29,7,0,0,5.0
22401192,MIL,DET,2025-04-13,36,45,5,1,1,9.1
22401187,BOS,CHA,2025-04-13,30,25,4,0,1,6.013658536585366
22401199,POR,LAL,2025-04-13,37,24,12,0,0,3.5
22401193,DEN,HOU,2025-04-13,37,22,13,0,0,3.2
22401190,WAS,MIA,2025-04-13,26,26,15,0,1,9.1
22401198,GSW,LAC,2025-04-13,41,29,12,1,1,10.2
22401191,PHI,CHI,2025-04-13,32,25,13,0,0,5.4
22401189,CLE,IND,2025-04-13,43,28,10,1,1,6.013658536585366
22401197,TOR,SAS,2025-04-13,36,25,12,0,1,6.8
22401184,LAC,SAC,2025-04-11,37,17,8,0,1,7.3
22401172,IND,ORL,2025-04-11,47,25,11,0,0,2.5
22401185,LAL,HOU,2025-04-11,32,37,16,0,0,3.3
22401171,DET,MIL,2025-04-11,36,35,12,0,1,8.0
22401176,CHI,WAS,2025-04-11,29,23,8,0,0,3.1
22401173,ATL,PHI,2025-04-11,32,28,9,0,0,7.0
22401180,MEM,DEN,2025-04-11,41,19,17,0,1,8.0
22401183,POR,GSW,2025-04-11,39,20,7,0,0,3.4
22401182,PHX,SAS,2025-04-11,16,32,10,0,0,3.6
22401174,BOS,CHA,2025-04-11,25,38,7,0,0,4.6
22401181,OKC,UTA,2025-04-11,31,41,9,0,0,3.7
22401175,NYK,CLE,2025-04-11,35,27,7,0,1,7.5
22401177,NOP,MIA,2025-04-11,29,34,12,0,0,6.013658536585366
22401178,TOR,DAL,2025-04-11,27,26,12,0,0,2.1
22401179,BKN,MIN,2025-04-11,39,23,11,0,0,3.2
22401169,ATL,BKN,2025-04-10,45,37,11,0,0,1.9
22401167,DET,NYK,2025-04-10,42,19,15,0,1,7.1
22401168,CLE,IND,2025-04-10,32,31,6,0,1,9.6
22401170,MIN,MEM,2025-04-10,47,38,7,0,0,4.4
22401161,NOP,MIL,2025-04-10,38,33,12,0,0,4.7
22401158,CHA,TOR,2025-04-09,29,30,11,0,0,4.3
22401164,OKC,PHX,2025-04-09,35,27,7,0,0,5.4
22401160,MIA,CHI,2025-04-09,24,26,8,0,1,6.1
22401159,DAL,LAL,2025-04-09,30,21,8,0,0,6.7
22401162,UTA,POR,2025-04-09,49,26,12,1,1,12.3
22401163,GSW,SAS,2025-04-09,42,34,7,0,1,9.8
22401166,LAC,HOU,2025-04-09,25,39,14,0,0,4.4
22401156,ORL,BOS,2025-04-09,20,23,11,0,0,3.2
22401157,PHI,WAS,2025-04-09,45,26,9,0,0,6.013658536585366
22401165,DEN,SAC,2025-04-09,38,29,8,0,1,5.7
22401155,SAS,LAC,2025-04-08,30,31,11,0,1,5.2
22401149,ATL,ORL,2025-04-08,46,28,9,0,0,6.2
22401153,OKC,LAL,2025-04-08,41,36,8,0,1,8.2
22401147,CHI,CLE,2025-04-08,30,40,13,0,0,4.0
22401151,NYK,BOS,2025-04-08,38,30,1,1,1,11.4
22401154,GSW,PHX,2025-04-08,29,27,5,0,0,2.0
22401150,NOP,BKN,2025-04-08,40,29,8,0,1,4.9
22401148,IND,WAS,2025-04-08,43,20,4,0,1,8.0
22401146,CHA,MEM,2025-04-08,36,29,12,0,0,2.6
22401152,MIL,MIN,2025-04-08,35,25,10,0,1,5.6
22401144,DET,SAC,2025-04-07,44,24,5,0,1,7.3
22401145,PHI,MIA,2025-04-07,31,28,12,0,0,6.9
22401138,CLE,SAC,2025-04-06,31,24,13,0,1,8.2
22401142,IND,DEN,2025-04-06,34,23,11,0,1,8.5
22401136,ATL,UTA,2025-04-06,37,42,7,0,0,4.1
22400617,NOP,MIL,2025-04-06,28,23,6,0,1,7.2
22401134,BKN,TOR,2025-04-06,39,22,11,0,0,5.0
22401143,GSW,HOU,2025-04-06,29,26,13,0,0,6.9
22401140,PHX,NYK,2025-04-06,40,16,11,0,1,4.7
22401139,POR,SAS,2025-04-06,41,26,8,0,1,6.7
22401137,BOS,WAS,2025-04-06,19,36,10,0,0,2.2
22401133,CHI,CHA,2025-04-06,45,24,5,0,0,4.0
22401135,OKC,LAL,2025-04-06,32,34,7,0,0,2.4
22401128,NYK,ATL,2025-04-05,31,29,7,0,0,2.3
22401130,MIN,PHI,2025-04-05,38,23,14,0,1,7.5
22401129,DET,MEM,2025-04-05,37,20,6,0,1,8.2
22401131,MIA,MIL,2025-04-05,38,23,10,1,1,10.2
22401132,LAC,DAL,2025-04-05,40,18,16,0,0,3.7
22401126,LAL,NOP,2025-04-04,40,30,10,0,0,5.5
22401121,TOR,DET,2025-04-04,38,25,13,0,0,5.6
22401122,CHI,POR,2025-04-04,37,21,8,0,1,7.3
22401120,BOS,PHX,2025-04-04,28,26,7,0,0,2.9
22401119,UTA,IND,2025-04-04,41,28,10,0,0,6.6
22401124,CLE,SAS,2025-04-04,28,38,6,0,1,5.4
22401127,LAC,DAL,2025-04-04,37,18,8,0,0,2.1
22401125,GSW,DEN,2025-04-04,33,28,5,0,0,5.0
22401123,HOU,OKC,2025-04-04,36,26,10,0,0,4.2
22401118,CHA,SAC,2025-04-04,47,24,7,0,0,2.9
22401112,ORL,WAS,2025-04-03,32,23,10,0,0,4.9
22401116,POR,TOR,2025-04-03,32,22,8,0,0,6.6
22401113,BKN,MIN,2025-04-03,30,24,11,0,0,4.7
22401115,PHI,MIL,2025-04-03,32,28,10,0,0,5.8
22401114,MIA,MEM,2025-04-03,39,30,5,0,1,9.9
22401117,GSW,LAL,2025-04-03,44,37,6,0,1,5.6
22401108,DET,OKC,2025-04-02,44,20,11,0,1,5.9
22401111,NOP,LAC,2025-04-02,30,17,8,0,0,4.6
22401110,SAS,DEN,2025-04-02,29,30,8,0,1,7.5
22401109,DAL,ATL,2025-04-02,35,30,14,0,1,9.5
22401104,CHA,IND,2025-04-02,31,28,9,0,0,6.013658536585366
22401105,WAS,SAC,2025-04-02,37,27,6,0,1,6.1
22401107,HOU,UTA,2025-04-02,32,29,15,0,0,2.7
22401103,CLE,NYK,2025-04-02,37,23,11,0,0,5.2
22401106,BOS,MIA,2025-04-02,30,26,5,0,0,4.9
22401102,MIN,DEN,2025-04-01,56,31,13,1,1,15.1
22401099,TOR,CHI,2025-04-01,29,34,10,0,0,3.5
22401097,ATL,POR,2025-04-01,40,20,10,0,0,6.6
22401098,NYK,PHI,2025-04-01,39,18,12,0,0,4.4
22401100,MEM,GSW,2025-04-01,45,40,6,0,1,9.4
22401101,MIL,PHX,2025-04-01,41,35,8,0,1,5.1
22400988,ORL,SAS,2025-04-01,29,31,7,0,0,6.9
22401094,OKC,CHI,2025-03-31,32,39,8,0,0,2.1
22401093,BOS,MEM,2025-03-31,27,32,5,0,0,6.3
22401096,HOU,LAL,2025-03-31,35,26,5,0,1,8.0
22401095,DAL,BKN,2025-03-31,42,30,12,0,1,9.3
22401091,LAC,ORL,2025-03-31,36,15,7,0,1,6.4
22401092,MIA,WAS,2025-03-31,36,22,10,0,0,3.5
22401089,UTA,CHA,2025-03-31,29,29,7,0,1,7.6
22401090,SAC,IND,2025-03-31,32,26,11,0,1,7.8
22401081,LAC,CLE,2025-03-30,34,31,10,0,1,5.2
22401084,DET,MIN,2025-03-30,48,24,11,0,0,6.3
22401087,TOR,PHI,2025-03-30,25,25,11,0,0,4.3
22401082,NYK,POR,2025-03-30,29,19,10,0,0,6.4
22401085,CHA,NOP,2025-03-30,34,17,8,0,1,10.2
22401088,HOU,PHX,2025-03-30,36,28,17,0,0,2.4
22401083,ATL,MIL,2025-03-30,53,29,10,0,0,4.0
22401086,SAS,GSW,2025-03-30,35,37,8,0,0,2.1
22401080,SAS,BOS,2025-03-29,34,31,4,0,0,5.0
22401077,DAL,CHI,2025-03-29,35,23,11,0,1,7.3
22401075,WAS,BKN,2025-03-29,38,27,7,0,1,6.013658536585366
22401074,ORL,SAC,2025-03-29,39,25,6,0,0,2.7
22401076,PHI,MIA,2025-03-29,28,33,9,0,0,4.6
22401078,MEM,LAL,2025-03-29,48,33,12,0,1,7.4
22401079,IND,OKC,2025-03-29,33,31,7,0,0,4.1
22401068,BKN,LAC,2025-03-28,43,33,9,0,0,6.013658536585366
22401073,UTA,DEN,2025-03-28,35,18,15,0,0,3.9
22401070,MIL,NYK,2025-03-28,28,25,8,0,0,4.4
22401072,GSW,NOP,2025-03-28,45,20,7,0,0,6.2
22401071,MIN,PHX,2025-03-28,34,37,13,0,0,3.3
22401067,CLE,DET,2025-03-28,56,30,11,0,1,5.8
22401069,TOR,CHA,2025-03-28,27,23,9,0,0,5.1
22401061,WAS,IND,2025-03-27,34,38,9,0,0,2.5
22401063,LAL,CHI,2025-03-27,34,31,8,0,1,8.0
22401060,DAL,ORL,2025-03-27,37,16,6,0,0,6.2
22401064,OKC,MEM,2025-03-27,37,29,9,0,0,6.9
22401065,HOU,UTA,2025-03-27,34,23,6,0,1,6.4
22401066,POR,SAC,2025-03-27,43,26,9,0,0,3.1
22401059,CLE,SAS,2025-03-27,34,31,13,0,1,9.7
22401062,ATL,MIA,2025-03-27,21,36,8,0,1,4.8
22401053,PHI,WAS,2025-03-26,27,32,15,0,1,6.013658536585366
22401054,TOR,BKN,2025-03-26,43,18,15,0,0,3.3
22401055,IND,LAL,2025-03-26,38,32,10,0,1,9.0
22401058,PHX,BOS,2025-03-26,36,35,12,0,0,2.9
22401056,LAC,NYK,2025-03-26,35,29,7,0,0,5.2
22401057,DEN,MIL,2025-03-26,26,32,15,0,1,6.8
22401046,SAS,DET,2025-03-25,38,29,7,0,0,2.7
22401048,DAL,NYK,2025-03-25,34,16,12,0,0,4.6
22401045,CHA,ORL,2025-03-25,43,27,7,0,1,8.4
22401050,MEM,UTA,2025-03-25,37,37,8,0,0,4.1
22401051,POR,CLE,2025-03-25,33,29,13,0,0,7.4
22401047,GSW,MIA,2025-03-25,29,26,8,0,0,3.6
22401052,SAC,OKC,2025-03-25,33,42,6,0,0,4.3
22401049,ATL,HOU,2025-03-25,38,26,9,0,1,4.4
22401043,MIL,PHX,2025-03-24,37,26,12,0,1,10.2
22401042,DEN,CHI,2025-03-24,33,28,15,0,0,7.5
22401038,ORL,LAL,2025-03-24,38,25,3,0,0,5.1
22401039,WAS,TOR,2025-03-24,42,21,11,0,0,7.9
22401037,IND,MIN,2025-03-24,25,22,8,0,0,4.0
22401044,BOS,SAC,2025-03-24,32,27,9,0,0,4.8
22401041,PHI,NOP,2025-03-24,33,29,7,0,0,4.7
22401040,DAL,BKN,2025-03-24,30,21,16,0,0,3.1
22401030,CLE,UTA,2025-03-23,40,27,8,0,0,4.1
22401031,ATL,PHI,2025-03-23,44,28,11,0,0,3.6
22401036,OKC,LAC,2025-03-23,41,20,4,0,1,9.5
22401032,MIA,CHA,2025-03-23,28,23,10,0,0,3.8
22401033,TOR,SAS,2025-03-23,35,24,8,0,0,2.5
22401034,BOS,POR,2025-03-23,25,42,10,0,0,4.4
22401035,DEN,HOU,2025-03-23,43,21,15,0,1,5.7
22401029,NOP,DET,2025-03-23,50,33,8,0,1,7.8
22401026,WAS,NYK,2025-03-22,40,24,14,0,0,3.1
22401025,GSW,ATL,2025-03-22,39,31,7,0,0,3.6
22401024,BKN,IND,2025-03-22,44,26,8,0,1,5.9
22401027,SAC,MIL,2025-03-22,34,22,10,0,1,7.9
22401028,CHI,LAL,2025-03-22,32,36,10,0,0,4.9
22401020,BOS,UTA,2025-03-21,32,31,10,0,0,4.7
22401018,PHI,SAS,2025-03-21,29,33,13,0,1,8.1
22401014,ORL,WAS,2025-03-21,27,34,6,0,0,3.6
22401023,LAC,MEM,2025-03-21,34,36,7,0,0,5.1
22401015,MIA,HOU,2025-03-21,30,24,11,0,1,6.9
22401022,POR,DEN,2025-03-21,43,23,13,0,0,6.2
22401021,CLE,PHX,2025-03-21,28,36,6,0,0,3.8
22401017,OKC,CHA,2025-03-21,26,40,9,0,0,2.5
22401019,DAL,DET,2025-03-21,38,23,11,0,1,7.8
22401016,MIN,NOP,2025-03-21,37,30,11,0,0,3.4
22401010,CHA,NYK,2025-03-20,38,25,8,0,0,4.5
22401013,SAC,CHI,2025-03-20,41,30,7,0,0,6.9
22400996,MIL,LAL,2025-03-20,39,22,9,0,0,3.5
22401005,GSW,TOR,2025-03-20,39,30,6,0,1,8.7
22401011,IND,BKN,2025-03-20,45,22,7,1,1,11.4
22401002,PHI,OKC,2025-03-19,27,42,6,0,0,3.1
22401006,DEN,LAL,2025-03-19,34,29,13,0,0,2.8
22401003,SAS,NYK,2025-03-19,40,27,15,0,0,4.0
22400999,HOU,ORL,2025-03-19,38,20,9,0,0,4.9
22400998,IND,DAL,2025-03-19,52,27,13,0,1,8.7
22400627,UTA,WAS,2025-03-19,29,29,13,0,0,6.0
22401009,SAC,CLE,2025-03-19,34,29,14,0,1,8.8
22401007,CHI,PHX,2025-03-19,32,30,7,0,1,4.0
22401000,DET,MIA,2025-03-19,35,19,17,0,1,9.6
22401008,POR,MEM,2025-03-19,37,26,8,0,0,4.9
22401001,NOP,MIN,2025-03-19,44,29,5,0,1,9.9
22400997,LAC,CLE,2025-03-18,47,30,8,0,0,6.9
22400994,BOS,BKN,2025-03-18,33,29,6,0,1,7.5
22401012,MIL,GSW,2025-03-18,39,29,3,0,1,6.7
22400993,ATL,CHA,2025-03-18,33,32,3,0,0,3.2
22400991,TOR,PHX,2025-03-17,36,30,7,0,0,2.5
22400987,DET,NOP,2025-03-17,34,18,14,0,0,1.6
22400985,HOU,PHI,2025-03-17,47,46,4,1,1,7.8
22400995,POR,WAS,2025-03-17,26,27,11,0,0,4.3
22400537,SAS,LAL,2025-03-17,28,34,10,0,0,3.3
22400984,MIA,NYK,2025-03-17,25,22,13,0,0,4.2
22400992,MEM,SAC,2025-03-17,43,33,8,0,0,5.3
22400986,MIN,IND,2025-03-17,47,30,9,1,1,13.3
22400990,GSW,DEN,2025-03-17,45,22,11,0,0,6.0
22400989,CHI,UTA,2025-03-17,33,23,9,0,0,6.1
22400976,PHI,DAL,2025-03-16,40,24,9,0,1,6.9
22400980,POR,TOR,2025-03-16,42,28,8,0,1,8.4
22400981,UTA,MIN,2025-03-16,36,26,9,0,0,3.4
22400982,OKC,MIL,2025-03-16,43,23,8,0,0,3.4
22400979,CLE,ORL,2025-03-16,42,23,8,0,1,9.7
22400538,CHA,LAC,2025-03-16,30,19,10,0,0,2.4
22400977,PHX,LAL,2025-03-16,47,23,11,0,0,4.0
22400978,BKN,ATL,2025-03-16,35,28,9,0,1,7.9
22400972,MIL,IND,2025-03-15,31,32,8,0,1,4.7
22400971,MIA,MEM,2025-03-15,32,21,10,0,0,3.3
22400975,WAS,DEN,2025-03-15,37,31,8,0,1,10.4
22400970,CHI,HOU,2025-03-15,41,28,7,0,1,8.7
22400974,NYK,GSW,2025-03-15,29,22,5,0,1,7.8
22400968,BKN,BOS,2025-03-15,35,33,13,0,1,6.4
22400969,OKC,DET,2025-03-15,41,24,14,0,1,6.7
22400973,SAS,NOP,2025-03-15,35,28,6,0,1,7.6
22400961,DAL,HOU,2025-03-14,24,23,10,0,0,3.2
22400967,SAC,PHX,2025-03-14,33,32,11,0,0,4.2
22400959,IND,PHI,2025-03-14,36,21,8,0,0,5.6
22400962,MEM,CLE,2025-03-14,42,30,11,0,0,3.4
22400964,SAS,CHA,2025-03-14,34,47,6,0,0,2.2
22400958,MIA,BOS,2025-03-14,29,32,4,0,1,6.6
22400966,TOR,UTA,2025-03-14,51,28,6,0,0,6.7
22400965,LAL,DEN,2025-03-14,40,28,14,0,1,9.9
22400960,LAC,ATL,2025-03-14,33,21,7,0,0,4.9
22400963,ORL,MIN,2025-03-14,43,26,9,0,1,7.7
22400955,LAL,MIL,2025-03-13,44,32,9,0,0,4.0
22400956,CHI,BKN,2025-03-13,42,22,13,0,1,8.0
22400954,DET,WAS,2025-03-13,52,30,12,0,1,9.9
22400957,GSW,SAC,2025-03-13,36,36,6,0,0,4.3
22401141,NOP,ORL,2025-03-13,36,20,13,0,0,1.8
22400953,NYK,POR,2025-03-12,39,29,8,1,1,14.8
22400950,MEM,UTA,2025-03-12,38,32,7,0,1,9.3
22400952,DEN,MIN,2025-03-12,32,24,7,0,0,4.2
22400948,LAC,MIA,2025-03-12,27,27,11,0,0,5.1
22400946,OKC,BOS,2025-03-12,42,33,5,0,1,7.5
22400947,TOR,PHI,2025-03-12,37,23,11,0,0,5.9
22400949,PHX,HOU,2025-03-12,37,22,14,0,0,4.9
22400951,DAL,SAS,2025-03-12,31,24,13,0,0,5.5
22400945,ATL,CHA,2025-03-12,42,28,11,0,0,6.2
22400942,MIL,IND,2025-03-11,39,27,17,0,1,9.7
22400941,DET,WAS,2025-03-11,36,29,10,0,0,3.4
22400940,BKN,CLE,2025-03-11,31,26,5,0,1,8.0
22400943,NOP,LAC,2025-03-11,32,31,14,0,1,6.3
22400938,GSW,POR,2025-03-10,29,39,9,0,0,5.3
22400937,SAS,DAL,2025-03-10,42,29,6,0,1,8.5
22400939,SAC,NYK,2025-03-10,44,32,11,0,0,2.9
22400933,CHI,IND,2025-03-10,32,22,7,0,0,3.7
22400931,CHA,MIA,2025-03-10,31,21,9,0,1,9.0
22400928,ATL,PHI,2025-03-10,33,31,9,0,1,4.2
22400932,WAS,TOR,2025-03-10,38,32,6,0,0,6.2
22400934,ORL,HOU,2025-03-10,37,24,6,0,0,5.0
22400930,LAL,BKN,2025-03-10,36,37,11,0,1,8.2
22400935,MEM,PHX,2025-03-10,44,37,11,0,1,8.9
22400936,OKC,DEN,2025-03-10,34,37,5,0,0,6.6
22400929,UTA,BOS,2025-03-10,25,31,7,0,1,6.2
22400926,POR,DET,2025-03-09,51,24,8,0,1,6.8
22400925,SAS,MIN,2025-03-09,31,32,9,0,0,4.5
22400927,SAC,LAC,2025-03-09,39,19,5,1,1,10.5
22400920,OKC,DEN,2025-03-09,38,25,8,0,0,6.7
22400921,DAL,PHX,2025-03-09,23,27,12,0,0,4.7
22400924,PHI,UTA,2025-03-09,44,34,10,0,1,5.7
22400923,NOP,MEM,2025-03-09,37,26,8,0,1,9.0
22400922,MIL,CLE,2025-03-09,30,28,10,0,0,5.9
22400913,NOP,HOU,2025-03-08,30,29,16,0,0,3.0
22400917,ORL,MIL,2025-03-08,42,23,7,0,1,5.2
22400919,GSW,DET,2025-03-08,56,17,7,0,1,11.1
22400918,LAL,BOS,2025-03-08,28,27,7,0,1,4.8
22400912,BKN,CHA,2025-03-08,32,25,7,0,1,7.6
22400915,TOR,WAS,2025-03-08,35,23,13,0,1,9.4
22400914,ATL,IND,2025-03-08,43,20,4,0,1,8.7
22400916,CHI,MIA,2025-03-08,31,24,6,0,1,8.4
22400904,CLE,CHA,2025-03-07,52,24,4,0,1,9.6
22400910,SAC,SAS,2025-03-07,33,33,10,0,0,3.4
22400911,NYK,LAC,2025-03-07,32,24,6,0,0,7.0
22400907,MIN,MIA,2025-03-07,28,32,6,0,1,7.6
22400908,OKC,POR,2025-03-07,29,22,2,0,0,5.8
22400909,DEN,PHX,2025-03-07,40,37,20,1,1,7.8
22400906,MEM,DAL,2025-03-07,33,23,4,0,1,9.1
22400905,TOR,UTA,2025-03-07,47,22,14,0,0,6.3
22400903,LAL,NYK,2025-03-06,49,24,10,1,1,10.6
22400944,CHI,ORL,2025-03-06,52,24,10,0,1,9.7
22400899,IND,ATL,2025-03-06,34,24,7,0,1,7.3
22400902,NOP,HOU,2025-03-06,43,18,12,0,0,5.1
22400901,BKN,GSW,2025-03-06,43,27,5,0,1,6.3
22400900,BOS,PHI,2025-03-06,31,34,17,0,0,3.4
22400897,MIL,DAL,2025-03-05,22,29,9,0,0,2.7
22400896,DEN,SAC,2025-03-05,34,23,6,0,1,8.1
22400891,BOS,POR,2025-03-05,30,39,3,0,0,4.2
22400892,CHA,MIN,2025-03-05,35,33,9,0,0,4.3
22400894,UTA,WAS,2025-03-05,37,31,11,0,1,8.8
22400893,CLE,MIA,2025-03-05,38,27,4,0,1,8.4
22400898,LAC,DET,2025-03-05,36,24,14,0,1,6.8
22400895,OKC,MEM,2025-03-05,40,24,6,0,0,5.0
22400883,ORL,TOR,2025-03-04,52,27,6,0,1,10.2
22400886,CHI,CLE,2025-03-04,35,28,7,0,0,7.5
22400889,PHX,LAC,2025-03-04,42,22,16,0,1,5.9
22400885,GSW,NYK,2025-03-04,31,21,5,0,0,7.3
22400888,SAS,BKN,2025-03-04,31,35,12,0,0,4.1
22400887,PHI,MIN,2025-03-04,37,27,8,0,0,6.0
22400882,HOU,IND,2025-03-04,33,26,9,0,0,6.6
22400890,LAL,NOP,2025-03-04,29,28,20,0,0,4.4
22400884,MIL,ATL,2025-03-04,34,27,9,0,1,9.3
22400880,DAL,SAC,2025-03-03,29,23,9,0,0,3.1
22400878,MEM,ATL,2025-03-03,40,26,13,0,1,9.1
22400876,PHI,POR,2025-03-03,28,22,9,0,0,6.0
22400877,MIA,WAS,2025-03-03,36,23,7,0,0,3.8
22400875,CHA,GSW,2025-03-03,42,29,4,0,0,5.6
22400879,OKC,HOU,2025-03-03,39,33,9,0,0,6.1
22400881,UTA,DET,2025-03-03,46,21,17,0,0,2.6
22400869,NYK,MIA,2025-03-02,32,25,13,1,1,8.3
22400867,POR,CLE,2025-03-02,53,33,7,1,1,12.7
22400872,NOP,UTA,2025-03-02,29,31,10,0,1,7.8
22400866,BOS,DEN,2025-03-02,36,26,7,0,1,5.5
22400874,LAC,LAL,2025-03-02,38,30,11,0,1,5.1
22400870,ORL,TOR,2025-03-02,59,14,8,0,1,5.3
22400873,PHX,MIN,2025-03-02,33,34,8,0,0,5.4
22400868,CHI,IND,2025-03-02,33,29,14,0,0,6.3
22400871,OKC,SAS,2025-03-02,33,37,12,0,0,6.5
22400865,MIL,DAL,2025-03-01,42,24,10,0,0,3.7
22400862,HOU,SAC,2025-03-01,33,22,10,0,0,5.9
22400861,DET,BKN,2025-03-01,53,18,17,0,0,3.7
22400863,SAS,MEM,2025-03-01,34,25,10,0,1,7.9
22400864,GSW,PHI,2025-03-01,38,31,6,0,1,8.7
22400860,WAS,CHA,2025-03-01,24,31,15,0,0,5.6
22400853,POR,BKN,2025-02-28,43,22,8,0,0,4.0
22400851,OKC,ATL,2025-02-28,32,38,10,0,0,4.1
22400857,NOP,PHX,2025-02-28,31,32,14,0,0,2.3
22400850,DEN,DET,2025-02-28,40,29,17,0,0,4.4
22400856,MEM,NYK,2025-02-28,33,17,6,0,1,10.2
22400858,MIN,UTA,2025-02-28,26,34,13,0,1,10.3
22400855,CHI,TOR,2025-02-28,37,26,11,1,1,9.0
22400859,LAC,LAL,2025-02-28,33,20,9,0,1,7.7
22400852,CLE,BOS,2025-02-28,33,34,4,0,1,7.4
22400854,IND,MIA,2025-02-28,22,38,7,0,1,8.6
22400845,ORL,GSW,2025-02-27,43,30,11,0,1,6.6
22400849,MIN,LAL,2025-02-27,47,23,7,0,1,5.2
22400848,PHX,NOP,2025-02-27,27,37,4,0,1,8.1
22400847,CHA,DAL,2025-02-27,27,18,9,0,1,6.013658536585366
22400846,MIL,DEN,2025-02-27,28,23,11,0,1,6.7
22400839,POR,WAS,2025-02-26,54,24,15,0,1,8.4
22400841,MIA,ATL,2025-02-26,28,35,10,0,0,5.2
22400838,NYK,PHI,2025-02-26,34,18,11,0,1,6.6
22400840,BKN,OKC,2025-02-26,46,32,5,0,0,6.3
22400844,HOU,SAS,2025-02-26,28,18,18,0,0,2.5
22400837,TOR,IND,2025-02-26,33,21,11,0,0,4.9
22400843,SAC,UTA,2025-02-26,26,31,13,0,0,4.8
22400836,DET,BOS,2025-02-26,31,34,6,0,0,4.7
22400842,CHI,LAC,2025-02-26,28,38,8,0,1,8.1
22400829,BOS,TOR,2025-02-25,30,20,7,0,0,5.2
22400832,MEM,PHX,2025-02-25,47,41,11,1,1,13.1
22400831,HOU,MIL,2025-02-25,30,24,9,0,1,9.5
22400835,DAL,LAL,2025-02-25,27,28,11,0,1,7.8
22400833,NOP,SAS,2025-02-25,36,20,11,0,1,8.1
22400830,CLE,ORL,2025-02-25,27,24,13,0,0,2.5
22400834,CHA,GSW,2025-02-25,35,26,8,0,0,3.0
22400825,MIA,ATL,2025-02-24,31,16,10,0,0,6.4
22400828,SAC,CHA,2025-02-24,34,30,13,0,0,3.8
22400826,OKC,MIN,2025-02-24,53,24,6,1,1,7.1
22400824,BKN,WAS,2025-02-24,54,27,8,0,1,8.1
22400827,UTA,POR,2025-02-24,34,32,6,0,1,8.3
22400822,DEN,IND,2025-02-24,35,22,12,0,0,5.4
22400823,PHI,CHI,2025-02-24,42,28,9,0,0,2.7
22400821,LAC,DET,2025-02-24,42,20,16,0,1,7.2
22400818,SAS,NOP,2025-02-23,38,26,10,0,0,6.2
22400816,PHX,TOR,2025-02-23,42,27,7,0,1,6.4
22400813,LAC,IND,2025-02-23,42,22,12,0,0,3.4
22400817,MIL,MIA,2025-02-23,45,23,13,0,1,7.4
22400812,GSW,DAL,2025-02-23,39,25,8,0,0,2.6
22400811,NYK,BOS,2025-02-23,29,31,6,0,0,3.7
22400815,WAS,ORL,2025-02-23,46,21,11,0,0,4.1
22400814,ATL,DET,2025-02-23,44,41,17,0,1,9.4
22400820,OKC,MIN,2025-02-23,44,37,8,0,1,7.5
22400819,MEM,CLE,2025-02-23,51,28,15,0,1,8.0
22400809,UTA,HOU,2025-02-22,35,30,13,0,1,7.8
22400806,PHX,CHI,2025-02-22,32,28,6,0,1,7.7
22400808,LAL,DEN,2025-02-22,38,32,9,0,0,5.2
22400810,POR,CHA,2025-02-22,43,25,13,0,0,2.3
22400807,PHI,BKN,2025-02-22,34,17,11,0,1,8.1
22400803,DAL,NOP,2025-02-21,41,24,5,0,1,7.3
22400805,GSW,SAC,2025-02-21,35,31,6,0,0,3.7
22400800,MIA,TOR,2025-02-21,41,30,4,1,1,9.6
22400798,MEM,ORL,2025-02-21,47,16,9,0,1,9.3
22400802,SAS,DET,2025-02-21,37,22,14,0,0,4.4
22400799,MIL,WAS,2025-02-21,45,21,10,0,1,6.3
22400797,CLE,NYK,2025-02-21,27,29,14,0,0,2.2
22400804,UTA,OKC,2025-02-21,35,34,13,0,0,3.5
22400801,MIN,HOU,2025-02-21,47,24,6,0,1,8.2
22400791,BKN,CLE,2025-02-20,43,21,14,0,0,6.4
22400795,PHX,SAS,2025-02-20,41,31,7,0,0,6.1
22400790,ORL,ATL,2025-02-20,47,17,12,0,1,7.4
22400792,CHI,NYK,2025-02-20,24,33,5,1,1,11.5
22400788,MEM,IND,2025-02-20,39,29,5,0,0,4.4
22400793,MIL,LAC,2025-02-20,45,29,11,0,1,8.3
22400794,CHA,DEN,2025-02-20,35,34,8,0,0,6.6
22400789,BOS,PHI,2025-02-20,33,32,11,0,0,3.0
22400796,LAL,POR,2025-02-20,41,21,14,0,1,6.8
22400524,LAL,CHA,2025-02-19,33,33,8,0,1,9.9
22400786,DAL,MIA,2025-02-13,31,23,6,0,1,8.6
22401004,LAC,UTA,2025-02-13,47,32,9,1,1,9.5
22400787,OKC,MIN,2025-02-13,34,19,9,0,0,5.2
22400784,HOU,GSW,2025-02-13,38,23,3,0,1,5.6
22400785,NOP,SAC,2025-02-13,36,38,10,1,1,12.2
22400772,PHI,BKN,2025-02-12,33,16,14,0,1,5.6
22400776,MIL,MIN,2025-02-12,28,22,7,0,1,9.6
22400780,DEN,POR,2025-02-12,39,29,7,0,0,4.0
22400779,HOU,PHX,2025-02-12,34,23,18,0,1,8.4
22400777,SAC,NOP,2025-02-12,39,24,8,0,1,7.0
22400774,TOR,CLE,2025-02-12,33,28,15,0,0,1.8
22400781,LAL,UTA,2025-02-12,41,35,16,0,0,4.4
22400778,OKC,MIA,2025-02-12,36,26,9,0,0,5.2
22400782,GSW,DAL,2025-02-12,32,25,7,0,1,9.5
22400770,CHA,ORL,2025-02-12,27,22,5,0,0,6.013658536585366
22400773,NYK,ATL,2025-02-12,52,25,16,1,1,11.8
22400769,BOS,SAS,2025-02-12,28,27,9,0,0,3.8
22400771,IND,WAS,2025-02-12,37,39,4,1,1,9.9
22400783,MEM,LAC,2025-02-12,36,31,15,0,0,4.1
22400775,DET,CHI,2025-02-12,49,19,14,0,0,4.7
22400764,TOR,PHI,2025-02-11,38,20,6,0,1,9.7
22400765,NYK,IND,2025-02-11,39,19,6,0,0,5.6
22400766,DET,CHI,2025-02-11,29,28,11,0,0,1.7
22400767,PHX,MEM,2025-02-11,39,24,7,0,1,6.2
22400757,WAS,SAS,2025-02-10,40,31,13,0,1,7.2
22400762,SAC,DAL,2025-02-10,41,24,11,1,1,12.8
22400760,GSW,MIL,2025-02-10,48,23,9,0,0,6.4
22400763,DEN,POR,2025-02-10,43,23,13,0,0,3.6
22400768,LAL,UTA,2025-02-10,39,27,14,0,0,2.0
22400756,ATL,ORL,2025-02-10,38,24,7,0,1,8.3
22400761,OKC,NOP,2025-02-10,34,37,8,0,0,2.3
22400759,MIA,BOS,2025-02-10,21,28,6,0,0,3.6
22400758,BKN,CHA,2025-02-10,34,16,14,0,0,3.8
22400755,MIN,CLE,2025-02-10,43,29,11,0,0,2.6
22400753,HOU,TOR,2025-02-09,40,18,7,0,0,7.1
22400752,CHA,DET,2025-02-09,39,26,15,0,0,3.4
22400754,MIL,PHI,2025-02-09,39,42,2,0,0,5.6
22400749,DEN,PHX,2025-02-08,28,33,9,0,0,4.5
22400751,LAC,UTA,2025-02-08,41,28,13,0,0,6.7
22400747,MIN,POR,2025-02-08,42,17,10,0,1,6.8
22400742,LAL,IND,2025-02-08,42,23,12,0,1,3.8
22400744,WAS,ATL,2025-02-08,37,27,12,0,0,5.1
22400746,MEM,OKC,2025-02-08,48,30,8,0,0,3.6
22400741,DAL,HOU,2025-02-08,40,20,15,0,1,5.6
22400748,BOS,NYK,2025-02-08,36,28,10,0,0,3.5
22400750,SAC,NOP,2025-02-08,46,25,10,0,1,7.0
22400743,ORL,SAS,2025-02-08,32,23,10,0,1,9.0
22400745,GSW,CHI,2025-02-08,42,36,5,0,0,5.0
22400735,WAS,CLE,2025-02-07,37,32,14,0,0,7.6
22400739,OKC,TOR,2025-02-07,38,28,12,0,0,4.4
22400737,BKN,MIA,2025-02-07,34,22,10,0,0,7.0
22400734,CHA,SAS,2025-02-07,35,29,11,0,1,8.2
22400740,UTA,PHX,2025-02-07,33,35,15,1,1,10.5
22400738,DET,PHI,2025-02-07,44,30,11,0,0,2.4
22400736,ATL,MIL,2025-02-07,31,32,10,0,1,6.7
22400732,POR,SAC,2025-02-06,38,26,8,0,1,8.2
22400729,MIN,HOU,2025-02-06,39,28,11,0,1,8.0
22400731,GSW,LAL,2025-02-06,46,29,15,0,1,5.4
22400728,BOS,DAL,2025-02-06,32,31,11,0,0,3.1
22400730,ORL,DEN,2025-02-06,37,17,12,0,0,3.8
22400733,IND,LAC,2025-02-06,30,30,16,0,1,8.0
22400718,CLE,DET,2025-02-05,43,28,12,0,1,8.8
22400720,BKN,WAS,2025-02-05,41,33,8,0,0,4.5
22400726,DEN,NOP,2025-02-05,31,26,10,0,0,4.7
22400722,MEM,TOR,2025-02-05,48,28,7,0,0,5.2
22400719,SAS,ATL,2025-02-05,34,28,17,0,1,8.6
22400727,SAC,ORL,2025-02-05,38,26,13,0,0,3.7
22400725,GSW,UTA,2025-02-05,47,30,7,0,1,9.6
22400721,MIA,PHI,2025-02-05,28,26,4,0,1,7.5
22400723,CHI,MIN,2025-02-05,37,32,8,0,0,6.1
22400724,PHX,OKC,2025-02-05,40,26,4,0,0,3.9
22400717,MIL,CHA,2025-02-05,30,29,4,0,0,3.9
22400711,HOU,BKN,2025-02-04,43,21,6,0,1,9.9
22400716,IND,POR,2025-02-04,36,19,10,0,0,5.4
22400712,PHI,DAL,2025-02-04,40,22,6,0,1,10.2
22400713,TOR,NYK,2025-02-04,37,19,7,0,1,6.0
22400710,CLE,BOS,2025-02-04,44,28,13,0,1,5.5
22400715,LAL,LAC,2025-02-04,32,30,9,0,0,2.5
22400714,MIA,CHI,2025-02-04,35,36,15,0,1,8.3
22400708,GSW,ORL,2025-02-03,42,20,5,0,1,7.4
22400701,DET,ATL,2025-02-03,52,25,16,0,1,9.1
22400703,MEM,SAS,2025-02-03,36,26,16,0,0,4.8
22400706,NOP,DEN,2025-02-03,37,30,5,0,0,4.8
22400707,UTA,IND,2025-02-03,37,23,20,0,1,9.7
22400709,PHX,POR,2025-02-03,42,31,12,1,1,12.3
22400705,OKC,MIL,2025-02-03,30,29,13,0,0,1.8
22400700,CHA,WAS,2025-02-03,38,28,14,0,0,4.5
22400704,SAC,MIN,2025-02-03,32,22,10,0,1,8.1
22400702,NYK,HOU,2025-02-03,41,14,9,0,1,9.7
22400695,CHI,DET,2025-02-02,29,29,15,0,0,6.1
22400699,MIL,MEM,2025-02-02,36,34,10,0,1,8.8
22400698,PHI,BOS,2025-02-02,40,36,7,0,1,5.6
22400696,DAL,CLE,2025-02-02,28,35,11,0,0,1.5
22400697,LAC,TOR,2025-02-02,32,22,13,0,0,5.0
22400692,LAL,NYK,2025-02-01,38,29,13,0,0,6.6
22400686,IND,ATL,2025-02-01,49,26,12,0,1,8.4
22400687,ORL,UTA,2025-02-01,50,23,11,0,0,3.3
22400688,CHA,DEN,2025-02-01,29,16,9,0,1,8.1
22400689,HOU,BKN,2025-02-01,36,22,10,0,0,3.8
22400694,PHX,POR,2025-02-01,41,19,13,0,0,3.6
22400693,MIA,SAS,2025-02-01,33,25,10,0,1,10.3
22400691,OKC,SAC,2025-02-01,28,30,6,0,0,2.7
22400690,WAS,MIN,2025-02-01,37,27,5,0,1,9.1
22400680,DAL,DET,2025-01-31,29,20,11,0,0,6.1
22400679,CHA,LAC,2025-01-31,34,18,14,0,1,6.9
22400683,NOP,BOS,2025-01-31,37,31,7,0,1,10.0
22400684,MIL,SAS,2025-01-31,39,36,12,0,0,5.2
22400685,GSW,PHX,2025-01-31,39,35,8,0,0,3.6
22400681,PHI,DEN,2025-01-31,33,33,11,0,1,9.6
22400682,TOR,CHI,2025-01-31,31,28,9,0,0,5.3
22400676,HOU,MEM,2025-01-30,45,22,4,0,1,10.2
22400677,MIN,UTA,2025-01-30,38,35,9,0,0,3.8
22400675,ATL,CLE,2025-01-30,37,26,10,0,0,3.8
22400678,ORL,POR,2025-01-30,41,17,12,0,0,3.5
22400674,LAL,WAS,2025-01-30,42,25,13,0,0,2.0
22400663,CHA,BKN,2025-01-29,37,20,6,0,0,3.0
22400666,CHI,BOS,2025-01-29,32,33,4,0,0,3.1
22400667,CLE,MIA,2025-01-29,22,28,10,0,0,3.8
22400671,SAS,LAC,2025-01-29,39,26,9,0,1,7.6
22400668,DEN,NYK,2025-01-29,35,24,10,0,1,6.5
22400665,WAS,TOR,2025-01-29,48,16,9,0,0,2.2
22400664,IND,DET,2025-01-29,39,31,9,0,0,5.8
22400673,OKC,GSW,2025-01-29,45,22,9,0,1,7.9
22400672,PHX,MIN,2025-01-29,44,25,15,0,0,5.7
22400669,PHI,SAC,2025-01-29,36,22,10,0,0,6.4
22400670,NOP,DAL,2025-01-29,32,35,9,0,1,7.4
22400660,LAL,PHI,2025-01-28,39,21,15,0,0,3.3
22400532,ATL,HOU,2025-01-28,38,18,10,0,1,6.2
22400662,POR,MIL,2025-01-28,40,23,13,0,0,5.5
22400661,UTA,GSW,2025-01-28,48,25,10,0,1,6.5
22400656,MIN,ATL,2025-01-27,38,24,14,0,0,5.5
22400649,DET,CLE,2025-01-27,30,22,7,0,0,4.3
22400651,BKN,SAC,2025-01-27,44,19,9,0,0,6.8
22400653,NYK,MEM,2025-01-27,32,26,9,0,0,4.0
22400655,CHI,DEN,2025-01-27,25,30,15,0,1,7.5
22400658,MIL,UTA,2025-01-27,37,30,10,0,0,3.8
22400650,BOS,HOU,2025-01-27,42,32,10,0,1,9.7
22400657,WAS,DAL,2025-01-27,35,31,14,0,0,1.4
22400648,CHA,LAL,2025-01-27,37,20,17,0,1,5.5
22400659,PHX,LAC,2025-01-27,32,32,13,0,1,6.9
22400652,ORL,MIA,2025-01-27,40,29,13,1,1,11.6
22400654,TOR,NOP,2025-01-27,40,15,6,0,0,6.1
22400647,POR,OKC,2025-01-26,46,28,4,0,0,5.3
22400638,DET,ORL,2025-01-25,48,25,9,0,1,6.7
22400643,MEM,UTA,2025-01-25,41,26,12,0,0,3.8
22400644,LAL,GSW,2025-01-25,28,26,6,0,0,5.6
22400646,MIL,LAC,2025-01-25,44,24,7,0,0,6.8
22400636,BKN,MIA,2025-01-25,44,27,4,0,0,5.0
22400640,CLE,HOU,2025-01-25,53,30,10,0,1,7.3
22400641,SAC,NYK,2025-01-25,32,31,9,0,0,5.2
22400635,BOS,DAL,2025-01-25,44,28,6,0,0,4.2
22400637,NOP,CHA,2025-01-25,35,29,8,0,0,3.2
22400634,MIN,DEN,2025-01-25,27,25,14,0,0,4.0
22400645,WAS,PHX,2025-01-25,28,31,10,0,1,4.9
22400639,ATL,TOR,2025-01-25,40,22,5,0,0,4.8
22400633,IND,SAS,2025-01-25,37,28,11,0,0,5.4
22400642,PHI,CHI,2025-01-25,31,25,7,0,1,7.8
22400631,CLE,PHI,2025-01-24,36,46,4,0,1,9.0
22400632,MEM,NOP,2025-01-24,29,33,7,0,0,6.3
22400630,CHA,POR,2025-01-24,49,20,7,0,1,7.5
22400983,LAC,WAS,2025-01-23,40,24,11,0,0,2.5
22400623,ATL,TOR,2025-01-23,47,22,13,0,1,9.6
22400629,LAL,BOS,2025-01-23,31,29,8,0,0,3.3
22400628,GSW,CHI,2025-01-23,37,41,7,0,0,5.2
22400624,MIA,MIL,2025-01-23,32,30,10,0,0,3.6
22400625,OKC,DAL,2025-01-23,52,29,4,0,1,6.9
22400621,SAS,IND,2025-01-23,22,31,19,0,0,4.1
22400622,ORL,POR,2025-01-23,39,15,6,0,0,4.8
22400626,SAC,DEN,2025-01-23,34,28,8,0,1,4.1
22400614,MIN,DAL,2025-01-22,39,19,12,0,1,7.4
22400618,UTA,OKC,2025-01-22,43,26,14,0,0,8.3
22400616,CHA,MEM,2025-01-22,49,32,13,0,0,2.2
22400613,PHX,BKN,2025-01-22,23,21,6,0,0,6.013658536585366
22400615,CLE,HOU,2025-01-22,38,28,7,0,1,10.8
22400620,LAC,BOS,2025-01-22,39,28,8,1,1,9.0
22400619,GSW,SAC,2025-01-22,41,33,4,0,1,7.9
22400612,ATL,DET,2025-01-22,33,18,19,0,0,3.2
22400609,DEN,PHI,2025-01-21,30,31,10,0,0,3.4
22400606,NYK,BKN,2025-01-21,38,20,10,0,1,8.1
22400610,WAS,LAL,2025-01-21,29,22,12,0,0,4.5
22400607,POR,MIA,2025-01-21,27,29,7,0,0,3.9
22400608,TOR,ORL,2025-01-21,46,22,5,0,0,4.5
22400602,NYK,ATL,2025-01-20,42,22,10,0,0,7.3
22400599,DAL,CHA,2025-01-20,31,23,12,0,1,9.6
22400605,NOP,UTA,2025-01-20,43,26,8,1,1,9.9
22400600,DET,HOU,2025-01-20,28,21,14,0,0,5.8
22400604,BOS,GSW,2025-01-20,20,34,8,0,0,2.6
22400601,MEM,MIN,2025-01-20,48,21,8,0,1,8.4
22400603,PHX,CLE,2025-01-20,38,29,7,0,0,3.2
22400611,LAC,CHI,2025-01-20,37,24,13,0,0,5.0
22400595,OKC,BKN,2025-01-19,32,31,9,0,0,2.6
22400593,DEN,ORL,2025-01-19,35,19,9,0,0,5.3
22400594,PHI,MIL,2025-01-19,41,30,11,0,0,5.6
22400597,CHI,POR,2025-01-19,38,17,8,0,0,5.6
22400596,LAL,LAC,2025-01-19,26,20,14,0,0,3.2
22400598,WAS,SAC,2025-01-19,36,22,14,0,0,4.5
22400592,MIA,SAS,2025-01-19,21,33,19,0,0,3.7
22400590,MIN,CLE,2025-01-18,37,32,11,0,1,5.2
22400587,BOS,ATL,2025-01-18,35,24,5,1,1,12.6
22400588,PHI,IND,2025-01-18,40,21,15,0,0,6.3
22400591,HOU,POR,2025-01-18,42,26,13,0,0,5.2
22400589,WAS,GSW,2025-01-18,39,36,4,0,1,8.3
22400586,PHX,DET,2025-01-18,51,16,12,0,1,9.4
22400583,DAL,OKC,2025-01-17,38,36,6,0,1,7.4
22400577,BOS,ORL,2025-01-17,42,22,8,0,0,3.4
22400582,SAS,MEM,2025-01-17,34,32,17,0,0,5.2
22400581,NOP,UTA,2025-01-17,44,35,10,0,0,3.8
22400579,MIA,DEN,2025-01-17,25,25,11,0,0,3.8
22400580,MIL,TOR,2025-01-17,51,21,8,0,0,3.7
22400585,BKN,LAL,2025-01-17,26,29,14,0,1,8.3
22400578,NYK,MIN,2025-01-17,29,36,10,0,0,6.3
22400584,CHI,CHA,2025-01-17,31,27,6,0,1,8.2
22400576,SAC,HOU,2025-01-16,33,26,9,0,1,9.9
22400572,DET,IND,2025-01-16,37,22,10,0,0,5.3
22400574,CLE,OKC,2025-01-16,31,31,7,0,0,2.0
22400573,PHX,WAS,2025-01-16,45,29,9,0,1,3.2
22400575,POR,LAC,2025-01-16,30,19,11,0,0,2.4
22400563,CHI,ATL,2025-01-15,30,19,9,0,0,6.013658536585366
22400571,LAC,BKN,2025-01-15,33,17,13,0,0,2.5
22400566,DAL,NOP,2025-01-15,37,25,14,0,1,9.9
22400564,MIL,ORL,2025-01-15,44,19,7,0,0,2.1
22400568,DEN,HOU,2025-01-15,35,31,8,0,0,2.8
22400562,BOS,TOR,2025-01-15,35,27,4,0,0,5.8
22400570,LAL,MIA,2025-01-15,25,29,11,0,1,6.8
22400569,CHA,UTA,2025-01-15,34,28,16,0,1,7.9
22400561,PHI,NYK,2025-01-15,33,29,12,1,1,8.5
22400565,GSW,MIN,2025-01-15,43,35,7,0,1,7.7
22400567,SAS,MEM,2025-01-15,36,32,13,0,1,7.5
22400558,MIL,SAC,2025-01-14,37,34,8,0,0,2.7
22400557,CHI,NOP,2025-01-14,32,28,12,0,1,6.9
22400560,BKN,POR,2025-01-14,37,36,12,0,0,5.5
22400555,PHI,OKC,2025-01-14,40,25,10,0,0,4.3
22400554,CLE,IND,2025-01-14,36,27,17,0,0,6.4
22400556,ATL,PHX,2025-01-14,38,30,7,0,1,7.7
22400559,DEN,DAL,2025-01-14,37,22,8,0,0,2.1
22400549,DET,NYK,2025-01-13,42,30,7,0,1,8.6
22400548,MIN,WAS,2025-01-13,33,31,12,0,0,6.7
22400551,HOU,MEM,2025-01-13,41,30,9,0,1,9.1
22400550,TOR,GSW,2025-01-13,32,28,7,0,1,9.3
22400553,MIA,LAC,2025-01-13,24,30,11,0,0,5.0
22400552,LAL,SAS,2025-01-13,32,27,13,0,0,6.6
22400543,CLE,IND,2025-01-12,40,22,8,0,0,5.8
22400547,PHX,CHA,2025-01-12,37,32,11,0,1,8.7
22400545,OKC,WAS,2025-01-12,45,22,6,0,0,2.5
22400541,CHI,SAC,2025-01-12,32,31,7,0,1,9.1
22400542,BOS,NOP,2025-01-12,37,30,9,0,1,10.3
22400546,UTA,BKN,2025-01-12,47,27,9,1,1,6.013658536585366
22400539,MIL,NYK,2025-01-12,38,28,8,0,0,3.3
22400544,PHI,ORL,2025-01-12,47,19,12,0,1,9.1
22400540,DEN,DAL,2025-01-12,39,19,10,0,1,6.6
22400534,DET,TOR,2025-01-11,43,35,7,0,1,8.1
22400535,MIN,MEM,2025-01-11,36,33,13,0,1,10.4
22400533,UTA,PHX,2025-01-11,35,22,14,0,0,5.9
22400536,POR,MIA,2025-01-11,31,32,14,0,0,5.3
22400528,BOS,SAC,2025-01-10,32,29,4,0,0,6.3
22400527,NOP,PHI,2025-01-10,41,32,8,0,0,6.2
22400529,NYK,OKC,2025-01-10,38,18,6,0,0,2.1
22400531,DEN,BKN,2025-01-10,42,23,9,0,0,5.1
22400526,MIL,ORL,2025-01-10,37,23,13,0,1,8.4
22400530,CHI,WAS,2025-01-10,27,41,9,0,0,4.0
22400525,IND,GSW,2025-01-10,32,19,10,0,0,5.4
22400519,ORL,MIN,2025-01-09,41,22,10,0,0,4.5
22400517,CLE,TOR,2025-01-09,28,32,11,0,1,8.4
22400520,MEM,HOU,2025-01-09,51,23,7,0,1,8.6
22400518,GSW,DET,2025-01-09,37,29,12,0,1,5.7
22400522,PHX,ATL,2025-01-09,34,28,8,0,1,6.3
22400521,POR,DAL,2025-01-09,40,26,9,0,1,7.9
22400523,MIA,UTA,2025-01-09,27,25,7,0,1,8.5
22400509,CLE,OKC,2025-01-08,44,26,14,0,1,8.5
22400512,PHI,WAS,2025-01-08,32,28,5,0,1,7.8
22400510,CHI,IND,2025-01-08,43,22,11,0,0,2.4
22400513,BKN,DET,2025-01-08,35,28,9,0,0,4.0
22400514,NOP,POR,2025-01-08,29,25,9,0,0,1.7
22400511,TOR,NYK,2025-01-08,30,22,11,0,0,4.6
22400515,DEN,LAC,2025-01-08,39,28,11,0,0,2.5
22400516,SAS,MIL,2025-01-08,30,37,8,0,0,4.2
22400503,WAS,HOU,2025-01-07,36,30,6,0,0,4.6
22400508,MIA,GSW,2025-01-07,24,30,10,0,0,6.0
22400502,CHA,PHX,2025-01-07,42,21,8,0,0,5.9
22400506,UTA,ATL,2025-01-07,39,37,15,0,1,10.8
22400505,MIN,NOP,2025-01-07,35,27,8,0,1,6.3
22400507,BOS,DEN,2025-01-07,30,26,14,0,0,6.5
22400504,DAL,LAL,2025-01-07,29,29,8,0,0,5.0
22400501,MIA,SAC,2025-01-06,39,24,4,1,1,13.4
22400493,POR,DET,2025-01-06,33,31,10,0,1,9.3
22400500,MIN,LAC,2025-01-06,39,28,7,0,1,9.3
22400496,ORL,NYK,2025-01-06,37,15,9,0,0,5.6
22400499,DAL,MEM,2025-01-06,39,25,5,0,0,6.5
22400498,SAS,CHI,2025-01-06,27,28,11,0,1,7.5
22400497,TOR,MIL,2025-01-06,34,31,9,0,0,2.6
22400494,PHX,PHI,2025-01-06,37,29,9,0,0,5.9
22400495,BKN,IND,2025-01-06,36,22,7,0,0,4.0
22400490,ORL,UTA,2025-01-05,40,25,8,0,0,5.3
22400489,WAS,NOP,2025-01-05,31,29,6,0,0,3.8
22400491,LAL,HOU,2025-01-05,43,30,8,0,1,6.2
22400492,GSW,SAC,2025-01-05,40,31,9,0,0,2.4
22400488,CHA,CLE,2025-01-05,35,30,8,0,0,3.4
22400487,BOS,OKC,2025-01-05,36,25,4,0,0,7.0
22400483,MIL,POR,2025-01-04,22,26,10,0,1,9.5
22400480,IND,PHX,2025-01-04,30,27,6,0,0,5.3
22400485,MEM,GSW,2025-01-04,36,32,7,0,1,7.4
22400484,SAS,DEN,2025-01-04,37,23,12,1,1,10.4
22400482,NYK,CHI,2025-01-04,34,28,8,0,0,5.6
22400481,UTA,MIA,2025-01-04,35,28,10,0,0,2.8
22400486,LAC,ATL,2025-01-04,29,29,24,0,0,3.1
22400479,MIN,DET,2025-01-04,43,29,13,0,0,3.8
22400478,PHI,BKN,2025-01-04,38,29,10,0,0,2.8
22400477,ATL,LAL,2025-01-03,43,19,16,0,0,5.8
22400470,TOR,ORL,2025-01-03,26,29,7,0,0,3.3
22400473,OKC,NYK,2025-01-03,34,23,6,0,1,7.5
22400471,BOS,HOU,2025-01-03,34,29,11,0,0,4.3
22400474,CLE,DAL,2025-01-03,37,27,17,0,0,3.3
22400472,NOP,WAS,2025-01-03,45,27,11,0,0,6.9
22400476,SAC,MEM,2025-01-03,43,38,8,0,1,7.8
22400475,DEN,SAS,2025-01-03,28,28,13,0,1,10.0
22400469,DET,CHA,2025-01-03,37,21,15,0,1,8.4
22400463,IND,MIA,2025-01-02,29,28,11,0,0,2.6
22400464,MIN,BOS,2025-01-02,27,43,8,0,1,6.7
22400465,MIL,BKN,2025-01-02,42,23,11,0,1,4.7
22400467,GSW,PHI,2025-01-02,38,31,3,0,0,2.6
22400466,OKC,LAC,2025-01-02,32,25,8,0,0,4.1
22400468,LAL,POR,2025-01-02,32,24,17,0,1,5.7
22400457,NOP,MIA,2025-01-01,31,23,7,0,0,5.0
22400462,PHI,SAC,2025-01-01,36,24,1,0,1,7.8
22400460,HOU,DAL,2025-01-01,38,19,8,0,0,4.3
22400461,DEN,ATL,2025-01-01,32,28,13,0,0,4.4
22400458,NYK,UTA,2025-01-01,35,22,11,0,0,5.4
22400455,ORL,DET,2025-01-01,39,20,17,0,0,5.8
22400456,CHI,WAS,2025-01-01,26,31,11,0,0,5.4
22400459,TOR,BKN,2025-01-01,37,27,8,0,0,5.5
22400450,IND,MIL,2024-12-31,42,25,11,0,1,8.6
22400452,MIN,OKC,2024-12-31,31,27,10,0,1,6.2
22400451,LAC,SAS,2024-12-31,30,20,14,0,0,2.3
22400454,CLE,LAL,2024-12-31,27,27,15,0,1,5.9
22400453,MEM,PHX,2024-12-31,54,24,7,0,1,8.6
22400449,BOS,TOR,2024-12-31,26,32,5,0,0,3.6
22400448,DAL,SAC,2024-12-30,43,22,4,0,0,5.7
22400444,LAC,NOP,2024-12-30,36,31,9,0,1,10.1
22400447,POR,PHI,2024-12-30,53,19,12,0,0,3.8
22400446,GSW,CLE,2024-12-30,39,27,6,0,0,3.7
22400443,NYK,WAS,2024-12-30,42,27,9,0,0,6.0
22400442,CHA,CHI,2024-12-30,37,28,7,1,1,9.9
22400445,DEN,UTA,2024-12-30,34,22,17,0,0,6.9
22400440,MEM,OKC,2024-12-29,39,28,11,0,0,2.8
22400439,MIA,HOU,2024-12-29,35,23,4,0,1,9.0
22400437,IND,BOS,2024-12-29,39,25,9,0,0,6.0
22400438,TOR,ATL,2024-12-29,45,25,18,0,0,4.2
22400441,SAS,MIN,2024-12-29,41,22,12,0,1,9.1
22400436,ORL,BKN,2024-12-29,42,25,11,0,1,6.7
22400430,CHI,MIL,2024-12-28,32,29,3,0,1,10.2
22400428,OKC,CHA,2024-12-28,35,21,6,0,0,3.7
22400433,PHI,UTA,2024-12-28,47,25,10,0,1,9.8
22400431,GSW,PHX,2024-12-28,30,21,9,0,1,10.5
22400429,NYK,WAS,2024-12-28,36,27,10,1,1,10.4
22400434,POR,DAL,2024-12-28,40,26,6,0,1,5.0
22400435,LAL,SAC,2024-12-28,39,25,7,0,0,5.4
22400432,DET,DEN,2024-12-28,43,25,12,0,0,4.6
22400427,MIA,ATL,2024-12-28,35,28,14,0,1,7.5
22400422,HOU,MIN,2024-12-27,38,31,12,0,1,7.9
22400421,SAS,BKN,2024-12-27,33,24,11,0,0,5.3
22400425,DAL,PHX,2024-12-27,32,25,11,0,0,4.6
22400424,CLE,DEN,2024-12-27,37,38,17,0,0,4.2
22400426,GSW,LAC,2024-12-27,35,17,16,0,1,5.3
22400423,MEM,NOP,2024-12-27,44,28,11,0,0,4.6
22400419,ORL,NYK,2024-12-27,43,14,6,0,0,5.2
22400420,BOS,IND,2024-12-27,39,34,7,0,0,2.4
22400417,UTA,POR,2024-12-26,36,36,9,0,1,9.3
22400415,BKN,MIL,2024-12-26,29,31,8,0,1,8.3
22400411,MIA,ORL,2024-12-26,35,20,7,0,1,8.7
22400410,IND,OKC,2024-12-26,39,27,3,0,1,8.1
22400418,SAC,DET,2024-12-26,42,31,6,0,1,6.2
22400413,ATL,CHI,2024-12-26,39,39,9,0,1,6.3
22400414,TOR,MEM,2024-12-26,41,32,12,0,0,4.5
22400416,HOU,NOP,2024-12-26,30,30,11,0,0,2.9
22400412,WAS,CHA,2024-12-26,42,31,13,0,1,10.3
22400409,PHX,DEN,2024-12-25,33,19,13,0,0,5.6
22400408,LAL,GSW,2024-12-25,32,33,9,0,1,7.9
22400405,NYK,SAS,2024-12-25,32,29,8,0,1,8.6
22400407,PHI,BOS,2024-12-25,35,37,8,0,1,6.5
22400406,MIN,DAL,2024-12-25,27,30,7,0,1,4.4
22400395,MIN,ATL,2024-12-23,31,32,12,0,0,7.2
22400396,BKN,MIA,2024-12-23,35,30,5,0,0,5.6
22400399,LAC,MEM,2024-12-23,46,25,11,0,1,10.9
22400393,BOS,ORL,2024-12-23,40,21,6,0,1,7.3
22400402,DEN,PHX,2024-12-23,28,29,6,0,0,3.8
22400391,CHA,HOU,2024-12-23,31,23,11,0,0,1.9
22400394,PHI,SAS,2024-12-23,39,31,8,0,1,9.4
22400398,CHI,MIL,2024-12-23,31,28,8,0,0,3.2
22400401,DAL,POR,2024-12-23,46,20,12,0,0,4.0
22400400,OKC,WAS,2024-12-23,34,26,8,0,0,6.2
22400403,GSW,IND,2024-12-23,29,23,10,0,1,8.4
22400404,DET,LAL,2024-12-23,30,25,12,0,1,6.8
22400397,NYK,TOR,2024-12-23,52,28,11,0,0,3.0
22400392,UTA,CLE,2024-12-23,43,39,10,0,1,7.8
22400390,NOP,DEN,2024-12-22,42,22,13,1,1,11.4
22400388,HOU,TOR,2024-12-22,39,24,10,0,1,7.6
22400389,SAC,IND,2024-12-22,26,29,10,0,0,5.2
22400377,ORL,MIA,2024-12-21,48,20,11,0,1,5.1
22400385,LAC,DAL,2024-12-21,32,24,11,0,0,5.5
22400384,NOP,NYK,2024-12-21,38,27,6,0,0,6.1
22400386,POR,SAS,2024-12-21,27,22,18,0,0,3.8
22400381,BOS,CHI,2024-12-21,26,29,10,0,0,5.1
22400378,ATL,MEM,2024-12-21,36,32,7,0,0,2.3
22400382,MIL,WAS,2024-12-21,24,38,8,0,0,4.1
22400387,DET,PHX,2024-12-21,40,33,15,0,1,6.0
22400380,CLE,PHI,2024-12-21,34,33,11,0,0,3.9
22400376,LAL,SAC,2024-12-21,34,19,8,0,1,7.9
22400383,GSW,MIN,2024-12-21,41,30,12,0,1,7.1
22400379,BKN,UTA,2024-12-21,33,21,12,0,0,5.0
22400373,PHI,CHA,2024-12-20,40,22,10,0,0,4.2
22400374,CLE,MIL,2024-12-20,27,30,10,0,0,2.7
22400375,MIA,OKC,2024-12-20,33,26,4,0,1,6.5
22400370,ATL,SAS,2024-12-19,37,35,18,1,1,13.3
22400372,SAC,LAL,2024-12-19,36,23,8,0,0,6.8
22400368,LAC,DAL,2024-12-19,33,21,6,0,0,5.5
22400363,CHI,BOS,2024-12-19,32,33,6,0,0,7.4
22400366,MEM,GSW,2024-12-19,35,39,6,0,0,1.9
22400365,HOU,NOP,2024-12-19,42,30,7,0,0,2.8
22400360,DET,UTA,2024-12-19,44,33,18,0,1,4.3
22400361,OKC,ORL,2024-12-19,36,21,8,0,0,5.3
22400367,NYK,MIN,2024-12-19,27,37,12,0,0,2.5
22400371,DEN,POR,2024-12-19,38,31,8,0,1,8.4
22400369,IND,PHX,2024-12-19,41,25,9,0,0,4.8
22400364,BKN,TOR,2024-12-19,50,24,5,0,1,8.3
22400362,CHA,WAS,2024-12-19,39,25,18,0,1,8.0
22401224,CLE,BKN,2024-12-16,47,33,9,0,0,1.7
22401223,CHI,TOR,2024-12-16,44,23,12,0,1,6.9
22401226,LAC,UTA,2024-12-16,40,34,8,0,0,1.3
22401225,DEN,SAC,2024-12-16,41,22,10,0,1,9.3
22401222,PHI,CHA,2024-12-16,47,28,12,0,0,5.6
22401221,DET,MIA,2024-12-16,43,32,11,1,1,8.9
22401220,MEM,LAL,2024-12-15,58,19,11,0,0,4.3
22401227,NYK,ORL,2024-12-15,42,19,6,0,0,5.2
22401217,BOS,WAS,2024-12-15,40,31,13,0,0,3.9
22401219,POR,PHX,2024-12-15,35,30,10,0,1,6.0
22401218,SAS,MIN,2024-12-15,31,23,18,0,0,5.4
22401216,NOP,IND,2024-12-15,40,26,6,0,0,3.4
22401228,DAL,GSW,2024-12-15,29,48,11,0,1,6.4
22401230,OKC,HOU,2024-12-14,49,22,9,0,0,6.5
22401229,MIL,ATL,2024-12-14,47,24,4,0,1,8.0
22401209,IND,PHI,2024-12-13,37,24,11,0,0,5.6
22401208,CLE,WAS,2024-12-13,42,29,11,0,1,7.4
22401212,CHA,CHI,2024-12-13,39,22,10,0,0,4.6
22401210,LAL,MIN,2024-12-13,35,19,6,0,1,6.2
22401213,DEN,LAC,2024-12-13,38,24,13,0,0,4.6
22401214,UTA,PHX,2024-12-13,35,44,9,0,1,6.8
22401211,BKN,MEM,2024-12-13,39,37,10,0,0,5.8
22401215,POR,SAS,2024-12-13,35,30,13,0,1,8.5
22401205,DET,BOS,2024-12-12,21,27,11,0,0,3.0
22401207,SAC,NOP,2024-12-12,41,24,4,0,1,7.0
22401206,MIA,TOR,2024-12-12,35,24,6,0,0,5.0
22401204,GSW,HOU,2024-12-11,25,18,12,0,1,8.6
22401202,ATL,NYK,2024-12-11,27,20,16,0,0,6.5
22401203,OKC,DAL,2024-12-10,29,35,4,0,0,5.0
22401201,ORL,MIL,2024-12-10,38,17,15,0,1,9.7
22400359,NYK,TOR,2024-12-09,29,30,5,0,1,9.4
22400351,MIA,CLE,2024-12-08,33,30,5,0,0,5.5
22400358,LAL,POR,2024-12-08,39,22,11,0,0,5.5
22400350,ATL,DEN,2024-12-08,44,21,20,0,0,2.7
22400347,PHI,CHI,2024-12-08,33,28,3,0,1,5.8
22400356,LAC,HOU,2024-12-08,40,26,5,0,0,5.2
22400357,SAC,UTA,2024-12-08,34,37,6,0,0,3.1
22400354,NOP,SAS,2024-12-08,39,25,10,0,1,9.2
22400353,WAS,MEM,2024-12-08,45,23,13,0,0,3.2
22400349,IND,CHA,2024-12-08,37,26,10,0,1,7.9
22400348,MIL,BKN,2024-12-08,43,31,8,0,1,7.9
22400352,PHX,ORL,2024-12-08,43,25,3,0,1,8.5
22400355,GSW,MIN,2024-12-08,38,35,7,0,1,8.7
22400345,MEM,BOS,2024-12-07,41,33,9,0,1,8.6
22400346,MIA,PHX,2024-12-07,40,29,6,0,1,6.3
22400340,CHA,CLE,2024-12-07,47,25,11,0,0,5.6
22400343,NYK,DET,2024-12-07,32,29,14,0,0,5.0
22400341,WAS,DEN,2024-12-07,44,21,8,0,1,6.7
22400344,DAL,TOR,2024-12-07,38,32,9,0,1,4.5
22400342,NOP,OKC,2024-12-07,44,23,11,0,0,2.1
22400339,POR,UTA,2024-12-06,39,28,18,0,0,2.3
22400338,MIN,GSW,2024-12-06,25,25,10,0,0,5.7
22400335,BOS,MIL,2024-12-06,34,28,9,0,1,8.7
22400334,LAL,ATL,2024-12-06,48,33,16,1,1,13.6
22400337,SAS,SAC,2024-12-06,40,30,7,0,0,4.5
22400336,CHI,IND,2024-12-06,23,39,7,0,0,6.4
22400333,ORL,PHI,2024-12-06,42,20,10,0,1,5.6
22400328,TOR,OKC,2024-12-05,32,28,5,0,0,2.1
22400332,GSW,HOU,2024-12-05,36,19,6,0,1,7.0
22400330,PHX,NOP,2024-12-05,39,31,10,0,1,9.3
22400331,SAS,CHI,2024-12-05,43,25,10,0,0,3.9
22400325,CLE,DEN,2024-12-05,30,28,9,0,0,5.1
22400329,SAC,MEM,2024-12-05,44,21,4,0,1,9.7
22400326,WAS,DAL,2024-12-05,35,33,11,0,0,2.9
22400327,NYK,CHA,2024-12-05,35,33,14,0,0,3.7
22400320,IND,BKN,2024-12-04,37,20,6,0,0,4.9
22400323,ATL,MIL,2024-12-04,47,24,15,0,0,5.2
22400321,LAL,MIA,2024-12-04,24,29,15,0,0,2.6
22400324,MIN,LAC,2024-12-04,32,27,8,0,0,1.7
22400319,BOS,DET,2024-12-04,35,41,8,0,1,4.5
22400322,PHI,ORL,2024-12-04,37,19,10,0,1,7.4
22400057,SAS,PHX,2024-12-03,33,19,6,0,0,5.3
22400054,TOR,IND,2024-12-03,49,25,4,0,1,5.0
22400051,CLE,WAS,2024-12-03,41,20,3,0,0,2.4
22400060,POR,LAC,2024-12-03,29,29,12,0,0,4.7
22400053,NYK,ORL,2024-12-03,44,24,11,0,0,2.4
22400055,OKC,UTA,2024-12-03,37,30,14,0,0,3.4
22400052,MIL,DET,2024-12-03,38,34,7,0,0,3.0
22400058,GSW,DEN,2024-12-03,40,23,8,0,1,8.3
22400059,SAC,HOU,2024-12-03,43,28,5,0,0,5.9
22400050,CHA,PHI,2024-12-03,39,29,9,0,1,7.4
22400056,DAL,MEM,2024-12-03,52,26,11,0,1,8.0
22400318,LAL,MIN,2024-12-02,33,21,16,0,0,3.7
22400316,MIA,BOS,2024-12-02,31,27,7,0,0,3.5
22400315,ATL,NOP,2024-12-02,33,23,9,0,0,7.6
22400317,BKN,CHI,2024-12-02,35,30,6,0,0,3.9
22400307,CLE,BOS,2024-12-01,39,34,3,0,1,8.3
22400310,OKC,HOU,2024-12-01,47,26,6,0,1,10.5
22400311,UTA,LAL,2024-12-01,37,21,11,0,1,7.8
22400314,LAC,DEN,2024-12-01,33,28,8,0,1,8.5
22400308,NOP,NYK,2024-12-01,33,24,7,0,0,1.6
22400312,DAL,POR,2024-12-01,40,36,10,0,1,8.7
22400313,SAS,SAC,2024-12-01,40,35,8,0,1,8.5
22400309,MIA,TOR,2024-12-01,40,25,5,0,1,6.6
22400306,IND,MEM,2024-12-01,44,30,9,0,0,5.6
22400305,BKN,ORL,2024-12-01,60,15,14,0,1,7.5
22400303,PHX,GSW,2024-11-30,30,32,6,0,1,5.3
22400304,UTA,DAL,2024-11-30,35,24,12,0,0,6.2
22400300,CHA,ATL,2024-11-30,38,28,9,0,1,9.3
22400302,MIL,WAS,2024-11-30,44,25,13,0,1,7.0
22400301,PHI,DET,2024-11-30,40,22,12,0,0,3.6
22400045,IND,DET,2024-11-29,34,30,8,0,0,3.5
22400046,MIA,TOR,2024-11-29,36,32,5,0,0,5.8
22400048,LAL,OKC,2024-11-29,35,24,4,0,1,8.2
22400044,MIN,LAC,2024-11-29,30,25,10,0,1,9.1
22400049,SAC,POR,2024-11-29,36,26,9,0,0,4.7
22400041,CLE,ATL,2024-11-29,42,25,15,0,0,4.7
22400043,ORL,BKN,2024-11-29,42,32,8,0,0,3.1
22400040,CHA,NYK,2024-11-29,38,27,8,0,1,8.4
22400042,MEM,NOP,2024-11-29,39,21,9,0,0,5.3
22400047,CHI,BOS,2024-11-29,30,43,6,0,1,7.7
22400299,GSW,OKC,2024-11-27,42,27,5,0,1,9.5
22400296,SAS,LAL,2024-11-27,28,27,15,0,0,4.5
22400292,NYK,DAL,2024-11-27,44,24,10,0,0,2.6
22400297,BKN,PHX,2024-11-27,50,30,4,0,0,5.0
22400298,DEN,UTA,2024-11-27,31,27,11,0,0,3.7
22400288,IND,POR,2024-11-27,39,29,10,0,1,7.2
22400294,SAC,MIN,2024-11-27,40,26,8,0,1,7.1
22400295,NOP,TOR,2024-11-27,32,32,4,0,0,3.8
22400286,CHA,MIA,2024-11-27,28,31,6,0,1,7.3
22400287,ATL,CLE,2024-11-27,42,35,9,0,1,8.1
22400291,LAC,WAS,2024-11-27,37,20,9,0,0,3.3
22400289,CHI,ORL,2024-11-27,40,31,7,0,0,2.7
22400290,PHI,HOU,2024-11-27,45,22,14,1,1,9.4
22400293,DET,MEM,2024-11-27,38,30,7,0,0,3.4
22400037,HOU,MIN,2024-11-26,38,24,10,1,1,10.1
22400035,CHI,WAS,2024-11-26,40,24,4,0,0,3.9
22400036,MIA,MIL,2024-11-26,33,30,6,0,1,6.8
22400038,UTA,SAS,2024-11-26,37,31,14,0,0,6.8
22400039,PHX,LAL,2024-11-26,29,25,14,0,0,4.5
22400284,BKN,GSW,2024-11-25,39,39,11,0,1,7.7
22400285,OKC,SAC,2024-11-25,40,22,9,0,0,5.2
22400280,ATL,DAL,2024-11-25,28,25,10,0,0,7.6
22400277,CHA,ORL,2024-11-25,41,19,8,0,0,6.9
22400278,DET,TOR,2024-11-25,46,22,8,0,1,10.6
22400283,NYK,DEN,2024-11-25,41,30,9,0,0,2.3
22400282,MEM,POR,2024-11-25,41,20,10,0,0,4.4
22400281,BOS,LAC,2024-11-25,24,29,14,0,0,2.7
22400279,NOP,IND,2024-11-25,32,26,10,0,1,8.6
22400271,MIN,BOS,2024-11-24,41,36,5,0,1,6.8
22400272,IND,WAS,2024-11-24,37,23,10,0,1,6.6
22400276,BKN,SAC,2024-11-24,45,28,6,0,1,7.0
22400275,TOR,CLE,2024-11-24,39,28,10,0,0,5.4
22400273,MIA,DAL,2024-11-24,46,24,13,1,1,12.4
22400274,LAC,PHI,2024-11-24,39,21,12,0,0,2.5
22400269,SAS,GSW,2024-11-23,37,27,6,0,1,6.3
22400267,HOU,POR,2024-11-23,45,26,5,0,1,9.9
22400264,UTA,NYK,2024-11-23,38,36,11,0,0,5.2
22400270,LAL,DEN,2024-11-23,34,29,15,0,0,4.7
22400266,MEM,CHI,2024-11-23,32,38,6,0,0,5.3
22400265,ORL,DET,2024-11-23,41,25,4,0,0,5.0
22400268,CHA,MIL,2024-11-23,43,37,7,0,1,5.7
22400032,NOP,GSW,2024-11-22,44,24,9,0,1,7.9
22400030,ATL,CHI,2024-11-22,33,29,11,0,0,4.7
22400027,PHI,BKN,2024-11-22,33,29,11,0,0,7.1
22400029,MIL,IND,2024-11-22,36,28,13,0,0,4.1
22400033,DAL,DEN,2024-11-22,41,25,14,0,1,8.8
22400031,POR,HOU,2024-11-22,40,26,13,0,0,3.0
22400034,LAC,SAC,2024-11-22,37,17,6,0,0,3.6
22400028,BOS,WAS,2024-11-22,48,18,6,0,1,7.3
22400263,ORL,LAL,2024-11-21,40,28,13,0,1,10.2
22400261,TOR,MIN,2024-11-21,48,19,12,0,1,7.8
22400260,CHA,DET,2024-11-21,45,37,3,1,1,9.7
22400262,UTA,SAS,2024-11-21,49,22,13,0,1,7.8
22400254,IND,HOU,2024-11-20,45,17,10,0,0,4.7
22400259,LAC,ORL,2024-11-20,39,19,12,0,0,4.5
22400252,CLE,NOP,2024-11-20,27,26,11,0,0,3.1
22400257,PHX,NYK,2024-11-20,31,38,8,0,0,3.0
22400255,PHI,MEM,2024-11-20,36,30,9,0,1,5.5
22400256,POR,OKC,2024-11-20,40,24,7,0,1,7.8
22400258,GSW,ATL,2024-11-20,34,26,13,0,0,2.8
22400253,MIL,CHI,2024-11-20,36,30,8,0,0,5.7
22400023,DEN,MEM,2024-11-19,53,21,10,0,1,5.3
22400026,UTA,LAL,2024-11-19,40,26,13,0,0,3.5
22400022,BKN,CHA,2024-11-19,39,38,9,0,1,8.9
22400021,BOS,CLE,2024-11-19,34,32,13,0,1,5.9
22400025,SAS,OKC,2024-11-19,31,35,6,0,0,5.2
22400024,NOP,DAL,2024-11-19,37,25,8,0,0,2.7
22400246,NYK,WAS,2024-11-18,31,31,13,0,0,2.0
22400248,MIL,HOU,2024-11-18,33,22,5,0,1,8.1
22400249,ORL,PHX,2024-11-18,40,23,13,0,0,4.1
22400244,CHI,DET,2024-11-18,35,38,10,0,0,6.8
22400250,SAC,ATL,2024-11-18,39,36,6,0,1,9.2
22400251,GSW,LAC,2024-11-18,27,32,5,0,1,7.1
22400245,PHI,MIA,2024-11-18,30,23,3,0,0,4.8
22400247,IND,TOR,2024-11-18,45,29,7,0,0,4.6
22400242,OKC,DAL,2024-11-17,45,25,4,0,1,6.4
22400236,CLE,CHA,2024-11-17,38,33,8,0,0,6.3
22400239,ATL,POR,2024-11-17,40,25,19,0,1,9.6
22400237,DET,WAS,2024-11-17,35,29,7,0,0,3.7
22400238,MEM,DEN,2024-11-17,27,23,12,0,0,3.2
22400241,CHI,HOU,2024-11-17,39,24,7,0,0,3.1
22400243,UTA,LAC,2024-11-17,25,23,21,0,0,2.7
22400240,NYK,BKN,2024-11-17,42,30,10,0,0,5.5
22400235,IND,MIA,2024-11-17,29,32,7,0,1,6.7
22400234,PHX,MIN,2024-11-17,39,31,8,0,1,9.3
22400230,BOS,TOR,2024-11-16,39,30,9,1,1,13.2
22400233,SAC,UTA,2024-11-16,49,31,6,0,1,9.3
22400231,LAL,NOP,2024-11-16,33,23,10,0,1,8.4
22400232,DAL,SAS,2024-11-16,35,19,5,0,0,4.4
22400229,MIL,CHA,2024-11-16,34,30,7,0,1,9.9
22400014,BKN,NYK,2024-11-15,43,32,8,0,1,7.0
22400012,ATL,WAS,2024-11-15,40,27,10,0,0,4.4
22400018,OKC,PHX,2024-11-15,46,19,4,0,0,2.9
22400017,DEN,NOP,2024-11-15,29,21,8,0,1,6.7
22400009,MIA,IND,2024-11-15,27,29,4,0,0,4.2
22400019,GSW,MEM,2024-11-15,49,26,10,0,1,5.3
22400010,ORL,PHI,2024-11-15,44,21,7,0,1,6.2
22400013,CHI,CLE,2024-11-15,36,41,11,0,1,7.1
22400011,DET,TOR,2024-11-15,29,16,5,0,1,8.3
22400015,LAL,SAS,2024-11-15,30,31,12,0,1,8.8
22400020,SAC,MIN,2024-11-15,36,32,8,1,1,10.2
22400016,HOU,LAC,2024-11-15,40,29,8,0,0,3.2
22400228,UTA,DAL,2024-11-14,38,25,13,0,1,8.3
22400225,MEM,LAL,2024-11-13,47,32,11,0,1,8.0
22400217,IND,ORL,2024-11-13,38,23,9,0,1,7.0
22400223,MIL,DET,2024-11-13,33,33,14,1,1,10.3
22400219,NYK,CHI,2024-11-13,34,29,10,0,1,8.8
22400227,SAC,PHX,2024-11-13,32,28,3,0,0,5.4
22400218,BOS,BKN,2024-11-13,37,41,8,0,0,4.5
22400220,PHI,CLE,2024-11-13,27,30,8,0,1,7.4
22400222,LAC,HOU,2024-11-13,33,29,10,0,1,6.0
22400226,POR,MIN,2024-11-13,37,16,15,0,1,7.1
22400224,WAS,SAS,2024-11-13,38,36,12,0,1,5.1
22400221,OKC,NOP,2024-11-13,32,24,6,0,0,4.6
22400001,ATL,BOS,2024-11-12,29,28,9,0,1,10.3
22400007,GSW,DAL,2024-11-12,41,25,11,0,1,9.4
22400008,POR,MIN,2024-11-12,45,31,9,0,0,4.3
22400002,MIA,DET,2024-11-12,41,30,13,1,1,10.6
22400006,PHX,UTA,2024-11-12,28,33,11,0,0,4.8
22400004,PHI,NYK,2024-11-12,35,23,11,0,0,5.7
22400003,CHA,ORL,2024-11-12,39,26,10,0,0,4.0
22400005,TOR,MIL,2024-11-12,29,25,9,0,0,5.1
22400212,CHI,CLE,2024-11-11,30,29,5,0,1,8.1
22400215,LAC,OKC,2024-11-11,45,38,12,0,1,6.8
22400213,HOU,WAS,2024-11-11,34,16,7,0,0,5.1
22400214,NOP,BKN,2024-11-11,29,29,11,0,1,9.5
22400216,SAC,SAS,2024-11-11,24,32,8,0,0,4.6
22400207,GSW,OKC,2024-11-10,44,32,10,0,0,4.4
22400206,MIN,MIA,2024-11-10,40,24,10,0,1,10.0
22400209,SAC,PHX,2024-11-10,39,29,8,1,1,10.6
22400203,NYK,IND,2024-11-10,42,28,7,0,0,7.3
22400211,LAL,TOR,2024-11-10,38,22,7,0,0,5.7
22400208,DEN,DAL,2024-11-10,33,24,6,0,1,9.6
22400205,CHA,PHI,2024-11-10,45,23,4,1,1,11.6
22400204,WAS,ORL,2024-11-10,46,27,6,0,0,4.2
22400210,POR,MEM,2024-11-10,38,20,10,0,0,2.1
22400202,MIL,BOS,2024-11-10,34,32,8,0,1,7.8
22400201,HOU,DET,2024-11-10,42,18,8,0,1,9.8
22400200,TOR,LAC,2024-11-09,43,21,3,0,1,8.6
22400197,UTA,SAS,2024-11-09,46,27,9,0,1,9.3
22400199,BKN,CLE,2024-11-09,32,25,9,0,1,7.0
22400198,CHI,ATL,2024-11-09,37,22,11,0,1,7.4
22400193,MIN,POR,2024-11-08,38,28,12,0,0,3.1
22400184,CHA,IND,2024-11-08,32,26,2,0,0,6.3
22400190,DAL,PHX,2024-11-08,40,26,7,0,1,9.7
22400195,LAL,PHI,2024-11-08,31,29,7,0,0,4.3
22400188,CLE,GSW,2024-11-08,36,33,8,0,0,1.5
22400196,LAC,SAC,2024-11-08,40,17,8,0,1,5.5
22400191,WAS,MEM,2024-11-08,46,23,15,0,0,2.7
22400192,OKC,HOU,2024-11-08,41,25,4,0,0,2.5
22400185,ATL,DET,2024-11-08,39,28,9,0,1,8.1
22400186,ORL,NOP,2024-11-08,33,18,12,0,0,3.9
22400187,BKN,BOS,2024-11-08,37,24,5,1,1,11.1
22400189,MIL,NYK,2024-11-08,36,21,12,0,0,2.9
22400194,MIA,DEN,2024-11-08,32,38,11,0,0,4.0
22400183,POR,SAS,2024-11-07,29,25,13,0,0,5.8
22400181,MIN,CHI,2024-11-07,37,31,8,0,0,6.7
22400182,MIL,UTA,2024-11-07,40,32,10,0,0,5.0
22400180,TOR,SAC,2024-11-06,36,20,6,0,0,7.0
22400169,DET,CHA,2024-11-06,36,24,13,0,1,10.9
22400179,PHI,LAC,2024-11-06,38,19,14,0,0,4.5
22400171,ATL,NYK,2024-11-06,32,37,10,0,1,9.5
22400170,ORL,IND,2024-11-06,46,19,9,0,1,6.8
22400172,BOS,GSW,2024-11-06,37,33,10,0,1,8.6
22400173,SAS,HOU,2024-11-06,26,24,10,0,0,2.3
22400177,DEN,OKC,2024-11-06,50,32,8,0,1,9.6
22400176,DAL,CHI,2024-11-06,36,24,10,0,0,3.2
22400175,CLE,NOP,2024-11-06,35,30,10,0,0,5.9
22400178,MIA,PHX,2024-11-06,30,31,10,0,1,8.5
22400174,MEM,LAL,2024-11-06,35,32,11,0,0,4.9
22400162,CHA,MIN,2024-11-04,41,28,7,0,0,3.8
22400159,MIA,SAC,2024-11-04,43,25,7,0,1,10.6
22400155,GSW,WAS,2024-11-04,43,22,18,0,0,5.4
22400166,DEN,TOR,2024-11-04,48,23,6,0,1,10.1
22400161,NYK,HOU,2024-11-04,38,19,6,0,1,7.0
22400163,OKC,ORL,2024-11-04,37,17,9,0,0,3.3
22400168,SAS,LAC,2024-11-04,37,30,13,0,0,6.0
22400167,PHI,PHX,2024-11-04,38,31,9,0,1,9.0
22400154,MIL,CLE,2024-11-04,30,34,5,0,1,8.4
22400160,CHI,UTA,2024-11-04,41,30,10,0,0,7.0
22400157,ATL,BOS,2024-11-04,27,24,12,0,0,3.1
22400165,DAL,IND,2024-11-04,34,28,5,0,1,7.6
22400156,DET,LAL,2024-11-04,41,17,8,0,1,5.0
22400158,BKN,MEM,2024-11-04,38,21,13,0,1,9.3
22400164,POR,NOP,2024-11-04,35,20,6,0,0,6.6
22400153,DAL,ORL,2024-11-03,44,18,8,0,0,2.3
22400151,BKN,DET,2024-11-03,49,20,8,0,0,6.2
22400152,ATL,NOP,2024-11-03,33,31,12,0,0,5.8
22400141,BOS,CHA,2024-11-02,42,33,8,0,0,4.9
22400147,WAS,MIA,2024-11-02,40,22,9,0,0,3.6
22400142,MEM,PHI,2024-11-02,41,31,12,0,0,4.6
22400150,LAC,OKC,2024-11-02,39,27,3,0,0,5.9
22400148,DEN,UTA,2024-11-02,47,29,10,0,0,3.9
22400146,SAS,MIN,2024-11-02,32,24,14,0,0,4.2
22400143,TOR,SAC,2024-11-02,47,27,10,1,1,11.6
22400145,CLE,MIL,2024-11-02,43,33,8,0,1,9.9
22400149,POR,PHX,2024-11-02,28,31,4,0,1,5.4
22400144,HOU,GSW,2024-11-02,54,30,8,1,1,6.7
22400136,BKN,CHI,2024-11-01,35,28,7,0,1,7.7
22400138,IND,NOP,2024-11-01,36,28,15,0,1,8.6
22400132,CHA,BOS,2024-11-01,39,32,7,0,0,7.0
22400135,SAC,ATL,2024-11-01,43,30,13,0,1,6.2
22400139,MIN,DEN,2024-11-01,40,29,9,0,1,9.4
22400140,POR,OKC,2024-11-01,46,34,7,0,0,4.8
22400133,ORL,CLE,2024-11-01,38,26,5,0,0,3.3
22400134,NYK,DET,2024-11-01,26,29,7,0,0,1.5
22400137,TOR,LAL,2024-11-01,46,21,7,0,0,4.0
22400128,MEM,MIL,2024-10-31,48,17,15,0,0,2.6
22400129,HOU,DAL,2024-10-31,47,18,7,0,1,4.8
22400130,UTA,SAS,2024-10-31,36,19,13,0,0,5.5
22400131,LAC,PHX,2024-10-31,42,30,6,0,1,7.2
22400126,GSW,NOP,2024-10-30,39,24,6,0,0,4.5
22400121,WAS,ATL,2024-10-30,40,28,16,0,0,6.2
22400127,POR,LAC,2024-10-30,37,27,14,0,1,10.1
22400119,BOS,IND,2024-10-30,45,34,12,1,1,8.4
22400117,CHA,TOR,2024-10-30,49,29,12,0,1,7.1
22400124,MEM,BKN,2024-10-30,46,23,14,0,0,6.7
22400123,ORL,CHI,2024-10-30,35,24,4,0,1,8.3
22400118,CLE,LAL,2024-10-30,33,23,17,0,0,2.3
22400125,OKC,SAS,2024-10-30,23,29,6,0,0,4.3
22400122,NYK,MIA,2024-10-30,33,35,7,0,0,6.7
22400120,DET,PHI,2024-10-30,46,23,7,0,0,4.2
22400116,NOP,GSW,2024-10-29,33,30,5,0,0,5.5
22400115,SAC,UTA,2024-10-29,35,22,7,0,0,4.1
22400113,BKN,DEN,2024-10-29,54,33,8,1,1,10.3
22400114,DAL,MIN,2024-10-29,41,35,8,0,1,7.0
22400105,DET,MIA,2024-10-28,33,29,6,0,0,7.0
22400112,POR,SAC,2024-10-28,49,18,4,0,0,4.3
22400104,BOS,MIL,2024-10-28,42,26,5,0,0,5.9
22400106,CLE,NYK,2024-10-28,41,21,4,0,1,7.7
22400103,ATL,WAS,2024-10-28,47,36,9,0,1,8.6
22400102,IND,ORL,2024-10-28,53,26,8,0,1,9.3
22400108,CHI,MEM,2024-10-28,36,39,9,0,1,7.8
22400109,HOU,SAS,2024-10-28,44,25,10,0,1,5.4
22400107,DEN,TOR,2024-10-28,47,19,7,1,1,9.0
22400111,PHX,LAL,2024-10-28,41,25,2,0,1,8.9
22400110,DAL,UTA,2024-10-28,40,21,15,0,0,6.8
22400100,OKC,ATL,2024-10-27,46,26,13,0,0,7.1
22400098,MIL,BKN,2024-10-27,43,26,7,0,0,5.9
22400097,IND,PHI,2024-10-27,52,24,9,1,1,13.4
22400101,LAC,GSW,2024-10-27,43,24,13,0,1,7.1
22400099,NOP,POR,2024-10-27,43,22,8,0,0,3.9
22400093,MIN,TOR,2024-10-26,38,24,11,0,0,3.4
22400089,BOS,DET,2024-10-26,38,36,9,0,1,9.2
22400095,DAL,PHX,2024-10-26,45,27,5,0,0,5.8
22400088,CHA,MIA,2024-10-26,43,27,5,0,1,7.1
22400090,CLE,WAS,2024-10-26,52,33,13,0,0,4.4
22400094,HOU,SAS,2024-10-26,42,21,8,0,1,6.3
22400091,CHI,OKC,2024-10-26,37,23,9,0,0,3.6
22400096,LAL,SAC,2024-10-26,38,29,13,0,1,6.9
22400092,ORL,MEM,2024-10-26,44,30,5,0,0,3.6
22400087,LAC,DEN,2024-10-26,46,26,8,0,1,9.3
22400086,NOP,POR,2024-10-25,44,25,7,0,1,9.4
22400083,MIL,CHI,2024-10-25,31,34,7,0,0,6.6
22400079,ATL,CHA,2024-10-25,56,35,8,0,1,8.1
22400077,ORL,BKN,2024-10-25,50,29,9,0,0,5.4
22400082,MEM,HOU,2024-10-25,57,27,8,0,0,6.0
22400078,TOR,PHI,2024-10-25,66,15,10,0,0,6.1
22400080,DET,CLE,2024-10-25,37,26,9,0,0,5.5
22400085,PHX,LAL,2024-10-25,44,31,12,0,0,5.6
22400081,IND,NYK,2024-10-25,42,15,7,0,0,3.0
22400084,UTA,GSW,2024-10-25,36,29,9,0,0,3.3
22400074,SAS,DAL,2024-10-24,39,31,11,0,0,6.0
22400076,MIN,SAC,2024-10-24,42,31,5,0,1,9.8
22400073,WAS,BOS,2024-10-24,38,24,13,0,0,3.5
22400075,OKC,DEN,2024-10-24,27,15,10,0,0,4.9
22400064,BKN,ATL,2024-10-23,52,26,12,0,1,8.1
22400063,IND,DET,2024-10-23,44,18,9,0,1,7.8
22400072,GSW,POR,2024-10-23,49,28,12,0,0,4.0
22400071,LAC,PHX,2024-10-23,52,23,8,1,1,11.0
22400066,PHI,MIL,2024-10-23,51,24,8,0,0,4.3
22400065,MIA,ORL,2024-10-23,40,29,6,0,0,4.2
22400068,CHA,HOU,2024-10-23,39,28,9,0,1,9.0
22400070,MEM,UTA,2024-10-23,59,27,12,0,1,9.1
22400067,CLE,TOR,2024-10-23,46,26,13,0,0,3.1
22400069,CHI,NOP,2024-10-23,33,24,11,0,0,5.8
22400061,BOS,NYK,2024-10-22,27,40,4,0,0,2.0
22400062,LAL,MIN,2024-10-22,44,18,13,0,0,5.4
