Player_ID,Player_Name,Career_Start,Career_End,Position_ID,Height (in),Weight (lb),Birth Date
1,A.J. Green,2023,2026,6,76,190,27-Sep-99
2,A.J. Lawson,2023,2026,6,78,179,15-Jul-00
3,Aaron Gordon,2015,2026,3,80,235,16-Sep-95
4,Aaron Henry,2022,2022,3,77,210,30-Aug-99
5,Aaron Holiday,2019,2026,6,73,185,30-Sep-96
6,Aaron Nesmith,2021,2026,7,77,215,16-Oct-99
7,Aaron Wiggins,2022,2026,6,77,190,2-Jan-99
8,Abdel Nader,2018,2022,3,77,225,25-Sep-93
9,Ace Bailey,2026,2026,7,81,200,13-Aug-06
10,Adam Flagler,2024,2025,6,73,180,1-Dec-99
11,Adam Mokoka,2020,2021,6,76,190,18-Jul-98
12,Adama Sanogo,2024,2025,3,81,245,12-Feb-02
13,Ade Murkey,2022,2022,6,77,200,29-Jan-98
14,Adem Bona,2025,2026,2,82,235,28-Mar-03
15,Admiral Schofield,2020,2024,7,77,241,30-Mar-97
16,Adou Thiero,2026,2026,7,79,220,8-May-04
17,Ahmad Caver,2022,2022,6,74,174,12-Sep-96
18,AJ Griffin,2023,2024,3,78,220,25-Aug-03
19,AJ Johnson,2025,2026,6,77,160,1-Dec-04
20,Ajay Mitchell,2025,2026,6,76,190,25-Jun-02
21,Al Horford,2008,2026,2,80,240,3-Jun-86
22,Al-Farouq Aminu,2011,2021,3,81,220,21-Sep-90
23,Alec Burks,2012,2025,6,77,214,20-Jul-91
24,Aleem Ford,2022,2022,3,80,220,22-Dec-97
25,Aleksej Pokusevski,2021,2024,3,85,210,26-Dec-01
26,Alen Smailagić,2020,2021,3,82,215,18-Aug-00
27,Alex Caruso,2018,2026,6,77,186,28-Feb-94
28,Alex Ducas,2025,2025,7,79,220,11-Dec-00
29,Alex Fudge,2024,2024,3,80,200,6-May-03
30,Alex Len,2014,2025,1,85,250,16-Jun-93
31,Alex Reese,2025,2025,3,81,245,21-May-99
32,Alex Sarr,2025,2026,3,85,205,26-Apr-05
33,Alfonzo McKinnie,2018,2022,3,79,215,17-Sep-92
34,Alijah Martin,2026,2026,6,74,210,26-Dec-01
35,Alize Johnson,2019,2023,3,81,212,22-Apr-96
36,Alondes Williams,2023,2026,6,76,210,19-Jun-99
37,Alperen Şengün,2022,2026,2,83,243,25-Jul-02
38,Amari Bailey,2024,2024,6,75,185,17-Feb-04
39,Amari Williams,2026,2026,3,83,250,28-Jan-02
40,Amen Thompson,2024,2026,7,79,200,30-Jan-03
41,Amida Brimah,2021,2021,1,82,230,11-Feb-94
42,Amir Coffey,2020,2026,6,79,210,17-Jun-97
43,Anderson Varejão,2005,2021,4,83,273,28-Sep-82
44,Andre Drummond,2013,2026,1,83,279,10-Aug-93
45,Andre Iguodala,2005,2023,5,78,215,28-Jan-84
46,Andre Jackson Jr.,2024,2026,6,78,209,13-Nov-01
47,Andre Roberson,2014,2021,7,79,210,4-Dec-91
48,Andrew Funk,2024,2024,6,77,200,21-Sep-99
49,Andrew Nembhard,2023,2026,6,76,191,16-Jan-00
50,Andrew Wiggins,2015,2026,5,78,197,23-Feb-95
51,Anfernee Simons,2019,2026,6,75,200,8-Jun-99
52,Anthony Black,2024,2026,6,79,200,20-Jan-04
53,Anthony Davis,2013,2026,4,82,253,11-Mar-93
54,Anthony Edwards,2021,2026,7,76,225,5-Aug-01
55,Anthony Gill,2021,2026,3,79,230,17-Oct-92
56,Anthony Lamb,2021,2023,3,78,227,20-Jan-98
57,Anthony Tolliver,2009,2021,4,80,240,1-Jun-85
58,Anton Watson,2025,2025,3,80,225,6-Oct-00
59,Antonio Reeves,2025,2026,6,77,205,20-Nov-00
60,Anžejs Pasečņiks,2020,2021,1,85,229,20-Dec-95
61,Ariel Hukporti,2025,2026,1,85,246,11-Apr-02
62,Armel Traoré,2025,2025,3,81,246,23-Jan-03
63,Armoni Brooks,2021,2024,6,75,195,5-Jun-98
64,Arnoldas Kulboka,2022,2022,3,82,220,4-Jan-98
65,Aron Baynes,2013,2021,1,82,260,9-Dec-86
66,Asa Newell,2026,2026,3,82,220,5-Oct-05
67,Ashton Hagans,2021,2024,6,75,190,8-Jul-99
68,Ausar Thompson,2024,2026,6,79,205,30-Jan-03
69,Austin Reaves,2022,2026,6,77,197,29-May-98
70,Austin Rivers,2013,2023,6,76,200,1-Aug-92
71,Avery Bradley,2011,2022,6,75,180,26-Nov-90
72,Axel Toupane,2016,2021,7,79,210,23-Jul-92
73,Ayo Dosunmu,2022,2026,6,76,200,17-Jan-00
74,B.J. Johnson,2019,2022,6,79,200,21-Dec-95
75,Bam Adebayo,2018,2026,2,81,255,18-Jul-97
76,Baylor Scheierman,2025,2026,6,78,205,26-Sep-00
77,Ben McLemore,2014,2022,6,75,195,11-Feb-93
78,Ben Saraf,2026,2026,6,78,200,14-Apr-06
79,Ben Sheppard,2024,2026,6,78,190,16-Jul-01
80,Ben Simmons,2018,2025,7,82,240,20-Jul-96
81,Bennedict Mathurin,2023,2026,7,77,210,19-Jun-02
82,Bilal Coulibaly,2024,2026,3,79,195,26-Jul-04
83,Bismack Biyombo,2012,2026,2,80,255,28-Aug-92
84,Blake Griffin,2011,2023,4,81,250,16-Mar-89
85,Blake Hinson,2026,2026,3,80,240,26-Dec-99
86,Blake Wesley,2023,2026,6,76,190,16-Mar-03
87,Boban Marjanović,2016,2024,1,88,290,15-Aug-88
88,Bobby Portis,2016,2026,4,81,250,10-Feb-95
89,Bobi Klintman,2025,2026,3,81,225,6-Mar-03
90,Bogdan Bogdanović,2018,2026,6,77,225,18-Aug-92
91,Bojan Bogdanović,2015,2024,7,79,226,18-Apr-89
92,Bol Bol,2020,2025,4,87,220,16-Nov-99
93,Bones Hyland,2022,2026,6,74,169,14-Sep-00
94,Brad Wanamaker,2019,2022,6,75,210,25-Jul-89
95,Bradley Beal,2013,2026,6,76,207,28-Jun-93
96,Branden Carlson,2025,2026,1,85,220,14-Jun-99
97,Brandin Podziemski,2024,2026,6,76,205,25-Feb-03
98,Brandon Boston Jr.,2022,2025,7,78,188,28-Nov-01
99,Brandon Clarke,2020,2026,3,80,215,19-Sep-96
100,Brandon Goodwin,2019,2022,6,73,180,2-Oct-95
101,Brandon Ingram,2017,2026,3,80,190,2-Sep-97
102,Brandon Knight,2012,2022,6,74,182,2-Dec-91
103,Brandon Miller,2024,2026,5,79,200,22-Nov-02
104,Brandon Williams,2022,2026,6,73,190,22-Nov-99
105,Braxton Key,2022,2025,3,79,225,14-Feb-97
106,Brian Bowen,2020,2021,3,79,199,2-Oct-98
107,Brice Sensabaugh,2024,2026,3,78,235,30-Oct-03
108,Brodric Thomas,2021,2022,6,77,185,28-Jan-97
109,Bronny James,2025,2026,6,74,210,6-Oct-04
110,Brook Lopez,2009,2026,1,85,282,1-Apr-88
111,Brooks Barnhizer,2026,2026,6,77,230,2-Mar-02
112,Bruce Brown,2019,2026,7,76,202,15-Aug-96
113,Bruno Caboclo,2015,2021,4,81,218,21-Sep-95
114,Bruno Fernando,2020,2025,3,81,240,15-Aug-98
115,Bryce McGowens,2023,2026,7,78,190,8-Nov-02
116,Bryn Forbes,2017,2023,6,74,205,23-Jul-93
117,Bub Carrington,2025,2026,6,76,190,21-Jul-05
118,Buddy Boeheim,2023,2026,6,77,205,11-Nov-99
119,Buddy Hield,2017,2026,7,76,220,17-Dec-92
120,C.J. Miles,2006,2022,7,78,220,18-Mar-87
121,Cade Cunningham,2022,2026,6,78,220,25-Sep-01
122,Caleb Houstan,2023,2026,7,80,205,9-Jan-03
123,Caleb Love,2026,2026,6,75,212,27-Sep-01
124,Caleb Martin,2020,2026,3,77,205,28-Sep-95
125,Cam Christie,2025,2026,6,77,190,24-Jul-05
126,Cam Reddish,2020,2025,3,79,230,1-Sep-99
127,Cam Spencer,2025,2026,6,75,205,6-Apr-00
128,Cam Thomas,2022,2026,6,75,210,13-Oct-01
129,Cam Whitmore,2024,2026,3,78,230,8-Jul-04
130,Cameron Johnson,2020,2026,3,80,210,3-Mar-96
131,Cameron McGriff,2022,2022,3,79,220,30-Sep-97
132,Cameron Oliver,2021,2022,3,80,225,11-Jul-96
133,Cameron Payne,2016,2026,6,74,183,8-Aug-94
134,Cameron Reynolds,2019,2021,6,79,225,7-Feb-95
135,Caris LeVert,2017,2026,7,79,205,25-Aug-94
136,Carlik Jones,2022,2023,6,73,174,23-Dec-97
137,Carmelo Anthony,2004,2022,3,79,238,29-May-84
138,Carsen Edwards,2020,2022,6,71,200,12-Mar-98
139,Carter Bryant,2026,2026,7,78,220,26-Nov-05
140,Cason Wallace,2024,2026,6,75,195,7-Nov-03
141,Cassius Stanley,2021,2022,6,77,190,18-Aug-99
142,Cassius Winston,2021,2022,6,73,185,28-Feb-98
143,Cat Barber,2022,2022,6,74,180,25-Jul-94
144,Cedi Osman,2018,2024,3,79,230,8-Apr-95
145,Cedric Coward,2026,2026,5,77,206,11-Sep-03
146,Chance Comanche,2023,2023,4,82,210,14-Apr-96
147,Chandler Hutchison,2019,2022,6,78,210,26-Apr-96
148,Charles Bassey,2022,2026,1,82,230,28-Oct-00
149,Charlie Brown Jr.,2020,2024,6,78,199,2-Feb-97
150,Chasson Randle,2017,2021,6,74,185,5-Feb-93
151,Chaundee Brown Jr.,2022,2022,7,77,215,4-Dec-98
152,Chaz Lanier,2026,2026,6,75,206,19-Dec-01
153,Cheick Diallo,2017,2022,3,80,219,13-Sep-96
154,Chet Holmgren,2024,2026,4,85,208,1-May-02
155,Chima Moneke,2023,2023,3,77,223,24-Dec-95
156,Chimezie Metu,2019,2024,4,82,225,22-Mar-97
157,Chris Boucher,2018,2026,3,80,200,11-Jan-93
158,Chris Chiozza,2019,2022,6,71,179,21-Nov-95
159,Chris Duarte,2022,2025,6,77,190,13-Jun-97
160,Chris Livingston,2024,2026,3,78,220,15-Oct-03
161,Chris Mañon,2026,2026,6,76,209,9-Dec-01
162,Chris Paul,2006,2026,6,73,175,6-May-85
163,Chris Silva,2020,2023,3,80,234,19-Sep-96
164,Chris Youngblood,2026,2026,6,76,221,9-Feb-02
165,Christian Braun,2023,2026,6,78,220,17-Apr-01
166,Christian Koloko,2023,2026,1,83,225,20-Jun-00
167,Christian Wood,2016,2024,3,80,214,27-Sep-95
168,Chucky Hepburn,2026,2026,6,73,190,9-Feb-03
169,Chuma Okeke,2021,2025,3,79,229,18-Aug-98
170,CJ Elleby,2021,2022,3,78,200,16-Jun-00
171,CJ McCollum,2014,2026,6,75,190,19-Sep-91
172,Clint Capela,2015,2026,1,82,256,18-May-94
173,Coby White,2020,2026,6,76,195,16-Feb-00
174,Cody Martin,2020,2026,7,78,205,28-Sep-95
175,Cody Williams,2025,2026,7,80,190,20-Nov-04
176,Cody Zeller,2014,2024,2,83,240,5-Oct-92
177,Colby Jones,2024,2026,6,78,207,28-May-02
178,Cole Anthony,2021,2026,6,74,185,15-May-00
179,Cole Swider,2023,2025,3,82,220,8-May-99
180,Colin Castleton,2024,2025,3,82,250,25-May-00
181,Collin Gillespie,2024,2026,6,73,195,25-Jun-99
182,Collin Murray-Boyles,2026,2026,3,79,245,10-Jun-05
183,Collin Sexton,2019,2026,6,75,190,4-Jan-99
184,Cooper Flagg,2026,2026,5,81,205,21-Dec-06
185,Corey Brewer,2008,2020,5,81,186,5-Mar-86
186,Corey Kispert,2022,2026,7,78,224,3-Mar-99
187,Cory Joseph,2012,2025,6,74,200,20-Aug-91
188,Craig Porter Jr.,2024,2026,6,73,180,26-Feb-00
189,Craig Sword,2022,2022,6,75,196,16-Jan-94
190,Cristiano Felício,2016,2021,4,83,270,7-Jul-92
191,Cui Yongxi,2025,2025,6,77,190,28-May-03
192,Curtis Jones,2026,2026,6,75,195,4-Dec-01
193,D.J. Augustin,2009,2022,6,71,183,10-Nov-87
194,D.J. Carton,2024,2025,6,74,200,5-Aug-00
195,D.J. Wilson,2018,2024,3,82,231,19-Feb-96
196,D'Angelo Russell,2016,2026,6,75,193,23-Feb-96
197,D'Moi Hodge,2024,2024,6,75,188,20-Dec-98
198,Daeqwon Plowden,2025,2026,6,76,216,29-Aug-98
199,Daishen Nix,2022,2025,6,75,226,13-Feb-02
200,Dakota Mathias,2021,2022,6,76,200,11-Jul-95
201,Dalano Banton,2022,2026,7,80,203,7-Nov-99
202,Dalen Terry,2023,2026,6,78,195,12-Jul-02
203,Dalton Knecht,2025,2026,6,78,215,19-Apr-01
204,Damian Jones,2017,2024,4,82,245,30-Jun-95
205,Damian Lillard,2013,2025,6,74,200,15-Jul-90
206,Damion Baugh,2025,2025,6,76,194,3-Aug-00
207,Damion Lee,2018,2025,6,78,210,21-Oct-92
208,Damyean Dotson,2018,2022,6,77,210,6-May-94
209,Daniel Gafford,2020,2026,2,82,265,1-Oct-98
210,Daniel Oturu,2021,2022,4,82,240,20-Sep-99
211,Daniel Theis,2018,2025,1,80,245,4-Apr-92
212,Danilo Gallinari,2009,2024,3,82,236,8-Aug-88
213,Daniss Jenkins,2025,2026,6,76,165,17-Aug-01
214,Danny Green,2010,2024,7,78,215,22-Jun-87
215,Danny Wolf,2026,2026,4,83,250,5-May-04
216,Dante Exum,2015,2025,6,77,214,13-Jul-95
217,Danuel House Jr.,2017,2024,6,78,220,7-Jun-93
218,DaQuan Jeffries,2020,2025,7,77,222,30-Aug-97
219,Dario Šarić,2017,2026,4,82,225,8-Apr-94
220,Dariq Whitehead,2024,2025,3,78,220,1-Aug-04
221,Darius Bazley,2020,2024,3,81,216,12-Jun-00
222,Darius Brown II,2026,2026,6,74,192,28-Jul-99
223,Darius Days,2023,2023,3,79,245,20-Oct-99
224,Darius Garland,2020,2026,6,73,192,26-Jan-00
225,Darius Miller,2013,2021,3,78,225,21-Mar-90
226,DaRon Holmes,2026,2026,3,81,225,15-Aug-02
227,Darren Collison,2010,2022,6,73,175,23-Aug-87
228,Daryl Macon,2019,2020,6,74,185,29-Nov-95
229,David Duke Jr.,2022,2025,6,76,204,13-Oct-99
230,David Johnson,2022,2022,6,76,203,26-Feb-01
231,David Jones García,2026,2026,3,76,210,24-Nov-01
232,David Nwaba,2017,2022,6,77,219,14-Jan-93
233,David Roddy,2023,2025,3,77,255,27-Mar-01
234,Davion Mitchell,2022,2026,6,73,202,5-Sep-98
235,Dāvis Bertāns,2017,2024,3,82,225,12-Nov-92
236,Davon Reed,2018,2023,6,77,206,11-Jun-95
237,Day'Ron Sharpe,2022,2026,1,82,265,6-Nov-01
238,De'Aaron Fox,2018,2026,6,75,185,20-Dec-97
239,De'Andre Hunter,2020,2026,3,79,221,2-Dec-97
240,De'Anthony Melton,2019,2026,6,74,200,28-May-98
241,Dean Wade,2020,2026,3,81,228,20-Nov-96
242,Deandre Ayton,2019,2026,1,85,252,23-Jul-98
243,DeAndre Jordan,2009,2026,1,83,265,21-Jul-88
244,DeAndre' Bembry,2017,2022,3,77,210,4-Jul-94
245,Deividas Sirvydis,2021,2022,7,80,190,10-Jun-00
246,DeJon Jarreau,2022,2024,6,77,185,23-Jan-98
247,Dejounte Murray,2017,2026,6,76,180,19-Sep-96
248,Delon Wright,2016,2025,6,76,185,26-Apr-92
249,DeMar DeRozan,2010,2026,7,78,220,7-Aug-89
250,DeMarcus Cousins,2011,2022,2,82,270,13-Aug-90
251,Deni Avdija,2021,2026,7,80,228,3-Jan-01
252,Dennis Schröder,2014,2026,6,73,175,15-Sep-93
253,Dennis Smith Jr.,2018,2024,6,74,205,25-Nov-97
254,Denzel Valentine,2017,2022,6,76,220,16-Nov-93
255,Deonte Burton,2019,2023,6,76,240,31-Jan-94
256,Dereck Lively II,2024,2026,1,85,230,12-Feb-04
257,Dereon Seabron,2023,2024,6,77,180,26-May-00
258,Derik Queen,2026,2026,4,81,250,27-Dec-04
259,Derrick Favors,2011,2022,4,81,265,15-Jul-91
260,Derrick Jones Jr.,2017,2026,3,78,210,15-Feb-97
261,Derrick Rose,2009,2024,6,75,200,4-Oct-88
262,Derrick Walton,2018,2022,6,73,189,3-Apr-95
263,Derrick White,2018,2026,6,76,190,2-Jul-94
264,Desmond Bane,2021,2026,6,78,215,25-Jun-98
265,Devin Booker,2016,2026,6,77,206,30-Oct-96
266,Devin Cannady,2021,2022,6,74,183,21-May-96
267,Devin Carter,2025,2026,6,74,195,18-Mar-02
268,Devin Vassell,2021,2026,7,77,200,23-Aug-00
269,Devon Dotson,2021,2023,6,73,185,2-Aug-99
270,Devontae Cacok,2020,2022,3,79,240,8-Oct-96
271,Devonte' Graham,2019,2024,6,73,195,22-Feb-95
272,Dewayne Dedmon,2014,2023,1,82,245,12-Aug-89
273,Dexter Dennis,2024,2024,6,77,210,9-Feb-99
274,Didi Louzada,2021,2022,6,77,188,7-Feb-99
275,Dillon Brooks,2018,2026,5,79,225,22-Jan-96
276,Dillon Jones,2025,2026,3,77,235,29-Oct-01
277,Dmytro Skapintsev,2024,2024,1,85,260,12-May-98
278,Domantas Sabonis,2017,2026,2,82,240,3-May-96
279,Dominick Barlow,2023,2026,3,81,215,26-May-03
280,Donovan Clingan,2025,2026,1,86,280,23-Feb-04
281,Donovan Mitchell,2018,2026,6,74,215,7-Sep-96
282,Donovan Williams,2023,2023,3,78,190,6-Sep-01
283,Donta Hall,2020,2021,3,82,230,7-Aug-97
284,Donte DiVincenzo,2019,2026,6,76,203,31-Jan-97
285,Dorian Finney-Smith,2017,2026,3,79,220,4-May-93
286,Doug McDermott,2015,2026,3,79,225,3-Jan-92
287,Dragan Bender,2017,2020,3,85,249,17-Nov-97
288,Drake Powell,2026,2026,7,77,195,8-Sep-05
289,Draymond Green,2013,2026,3,78,230,4-Mar-90
290,Drew Eubanks,2019,2026,3,82,245,1-Feb-97
291,Drew Peterson,2024,2026,6,80,205,9-Nov-99
292,Drew Timme,2025,2026,3,81,235,9-Sep-00
293,Dru Smith,2023,2026,6,74,203,30-Dec-97
294,Duane Washington Jr.,2022,2023,6,74,197,24-Mar-00
295,Duncan Robinson,2019,2026,7,79,215,22-Apr-94
296,Duop Reath,2024,2026,1,81,245,26-Jun-96
297,Dwayne Bacon,2018,2021,6,78,221,30-Aug-95
298,Dwight Howard,2005,2022,1,82,265,8-Dec-85
299,Dwight Powell,2015,2026,4,82,240,20-Jul-91
300,Dylan Cardwell,2026,2026,1,82,255,16-Dec-01
301,Dylan Harper,2026,2026,6,77,215,2-Mar-06
302,Dylan Windler,2021,2024,7,79,196,22-Sep-96
303,Dyson Daniels,2023,2026,6,79,199,17-Mar-03
304,Džanan Musa,2019,2020,7,81,217,8-May-99
305,E.J. Liddell,2024,2026,3,78,240,18-Dec-00
306,E'Twaun Moore,2012,2021,7,75,191,25-Feb-89
307,Ed Davis,2011,2022,3,81,218,5-Jun-89
308,Edmond Sumner,2018,2023,6,76,190,31-Dec-95
309,Egor Dёmin,2026,2026,6,80,200,3-Mar-06
310,Elfrid Payton,2015,2025,6,75,195,22-Feb-94
311,Elijah Bryant,2021,2021,6,77,210,19-Apr-95
312,Elijah Harkless,2025,2026,6,75,195,3-Feb-00
313,Elijah Hughes,2021,2022,3,77,215,10-Mar-98
314,Emanuel Miller,2025,2026,3,77,215,19-Jun-00
315,Emanuel Terry,2019,2022,3,81,220,21-Aug-96
316,Emmanuel Mudiay,2016,2022,6,75,200,5-Mar-96
317,Emoni Bates,2024,2025,6,81,202,28-Jan-04
318,Enes Freedom,2012,2022,1,82,250,20-May-92
319,Enrique Freeman,2025,2026,3,81,220,29-Jul-00
320,Eric Bledsoe,2011,2022,6,73,214,9-Dec-89
321,Eric Gordon,2009,2026,7,75,215,25-Dec-88
322,Eric Mika,2020,2020,1,82,240,5-Jan-95
323,Eric Paschall,2020,2022,3,78,255,4-Nov-96
324,Ersan İlyasova,2007,2021,3,81,235,15-May-87
325,Ethan Thompson,2026,2026,6,76,195,4-May-99
326,Eugene Omoruyi,2022,2024,3,78,235,14-Feb-97
327,Evan Fournier,2013,2024,7,78,205,29-Oct-92
328,Evan Mobley,2022,2026,4,83,215,18-Jun-01
329,Facundo Campazzo,2021,2023,6,70,195,23-Mar-91
330,Feron Hunt,2022,2022,3,80,195,5-Jul-99
331,Filip Petrušev,2024,2024,4,83,225,15-Apr-00
332,Frank Jackson,2019,2023,6,75,205,4-May-98
333,Frank Kaminsky,2016,2023,4,85,240,4-Apr-93
334,Frank Mason III,2018,2021,6,71,190,3-Apr-94
335,Frank Ntilikina,2018,2024,6,76,200,28-Jul-98
336,Franz Wagner,2022,2026,7,82,220,27-Aug-01
337,Fred VanVleet,2017,2025,6,73,197,25-Feb-94
338,Freddie Gillespie,2021,2022,3,81,245,14-Jun-97
339,Furkan Korkmaz,2018,2024,6,79,202,24-Jul-97
340,Gabe Vincent,2020,2026,6,74,200,14-Jun-96
341,Gabe York,2022,2023,6,75,185,2-Aug-93
342,Gabriel Deck,2021,2022,3,78,231,8-Feb-95
343,Gabriel Lundberg,2022,2022,6,76,203,4-Dec-94
344,Garrett Temple,2010,2026,6,77,195,8-May-86
345,Garrison Mathews,2020,2026,6,77,215,24-Oct-96
346,Gary Clark,2019,2022,3,78,225,16-Nov-94
347,Gary Harris,2015,2026,6,76,210,14-Sep-94
348,Gary Payton II,2017,2026,6,74,195,1-Dec-92
349,Gary Trent Jr.,2019,2026,6,77,204,18-Jan-99
350,George Hill,2009,2023,6,76,188,4-May-86
351,George King,2019,2022,7,78,220,15-Jan-94
352,Georges Niang,2017,2025,3,78,230,17-Jun-93
353,Georgios Kalaitzakis,2022,2022,7,80,192,2-Jan-99
354,GG Jackson II,2024,2026,3,81,210,17-Dec-04
355,Giannis Antetokounmpo,2014,2026,5,83,243,6-Dec-94
356,Glenn Robinson III,2015,2021,7,78,222,8-Jan-94
357,Goga Bitadze,2020,2026,1,83,250,20-Jul-99
358,Goran Dragić,2009,2023,6,76,190,6-May-86
359,Gordon Hayward,2011,2024,5,79,225,23-Mar-90
360,Gorgui Dieng,2014,2023,1,82,252,18-Jan-90
361,Gradey Dick,2024,2026,6,79,200,20-Nov-03
362,Grant Riller,2021,2021,6,74,190,8-Feb-97
363,Grant Williams,2020,2026,3,79,236,30-Nov-98
364,Grayson Allen,2019,2026,6,75,198,8-Oct-95
365,Greg Brown III,2022,2024,3,79,206,1-Sep-01
366,Greg Monroe,2011,2022,2,83,265,4-Jun-90
367,Greg Whittington,2021,2021,3,80,210,7-Feb-93
368,Guerschon Yabusele,2018,2026,4,79,265,17-Dec-95
369,Gui Santos,2024,2026,3,79,185,22-Jun-02
370,Hamidou Diallo,2019,2024,6,77,202,31-Jul-98
371,Harrison Barnes,2013,2026,3,79,225,30-May-92
372,Harrison Ingram,2025,2026,3,77,230,27-Nov-02
373,Harry Giles,2019,2024,4,82,240,22-Apr-98
374,Hassan Whiteside,2011,2022,1,85,265,13-Jun-89
375,Hassani Gravett,2022,2022,6,74,188,16-Jul-96
376,Haywood Highsmith,2019,2025,3,77,220,9-Dec-96
377,Henri Drell,2024,2024,6,80,185,25-Apr-00
378,Henry Ellenson,2017,2021,3,82,240,13-Jan-97
379,Herbert Jones,2022,2026,3,79,206,6-Oct-98
380,Hugo González,2026,2026,7,78,200,5-Feb-06
381,Hunter Dickinson,2026,2026,1,85,255,25-Nov-00
382,Hunter Sallis,2026,2026,6,76,185,26-Mar-03
383,Hunter Tyson,2024,2026,3,80,215,13-Jun-00
384,Ian Mahinmi,2008,2020,1,83,262,5-Nov-86
385,Ibou Badji,2024,2024,1,82,240,13-Oct-02
386,Ignas Brazdeikis,2020,2022,3,78,221,8-Jan-99
387,Iman Shumpert,2012,2021,6,77,212,26-Jun-90
388,Immanuel Quickley,2021,2026,6,74,190,17-Jun-99
389,Isaac Bonga,2019,2022,6,80,180,8-Nov-99
390,Isaac Jones,2025,2026,3,80,245,11-Jul-00
391,Isaac Okoro,2021,2026,7,76,225,26-Jan-01
392,Isaiah Collier,2025,2026,6,76,210,8-Oct-04
393,Isaiah Crawford,2025,2026,3,78,220,1-Nov-01
394,Isaiah Hartenstein,2019,2026,2,85,250,5-May-98
395,Isaiah Jackson,2022,2026,2,80,205,10-Jan-02
396,Isaiah Joe,2021,2026,6,76,165,2-Jul-99
397,Isaiah Livers,2022,2026,3,78,232,28-Jul-98
398,Isaiah Mobley,2023,2025,3,80,238,24-Sep-99
399,Isaiah Roby,2020,2023,3,78,230,3-Feb-98
400,Isaiah Stevens,2025,2026,6,71,185,1-Nov-00
401,Isaiah Stewart,2021,2026,4,80,250,22-May-01
402,Isaiah Thomas,2012,2024,6,69,185,7-Feb-89
403,Isaiah Todd,2022,2023,3,81,219,17-Oct-01
404,Isaiah Wong,2024,2025,6,75,185,28-Jan-01
405,Ish Smith,2011,2024,6,73,175,5-Jul-88
406,Ish Wainright,2022,2024,3,77,250,12-Sep-94
407,Ivica Zubac,2017,2026,1,85,240,18-Mar-97
408,Izaiah Brockington,2024,2024,6,76,196,12-Jul-99
409,J.J. Barea,2007,2020,6,70,180,26-Jun-84
410,J.P. Macura,2019,2020,6,76,203,5-Jun-95
411,Ja Morant,2020,2026,6,74,174,10-Aug-99
412,Ja'Kobe Walter,2025,2026,6,76,180,4-Sep-04
413,Jabari Parker,2015,2022,3,79,245,15-Mar-95
414,Jabari Smith Jr.,2023,2026,4,83,220,13-May-03
415,Jabari Walker,2023,2026,4,79,237,30-Jul-02
416,Jack McVeigh,2025,2025,3,80,215,27-Jun-96
417,Jack White,2023,2024,3,79,225,5-Aug-97
418,Jackson Rowe,2025,2025,3,78,210,4-Jan-97
419,Jacob Gilyard,2023,2024,6,68,160,14-Jul-98
420,Jacob Toppin,2024,2026,3,81,200,8-May-00
421,Jaden Hardy,2023,2026,6,75,198,5-Jul-02
422,Jaden Ivey,2023,2026,6,75,195,13-Feb-02
423,Jaden McDaniels,2021,2026,3,81,185,29-Sep-00
424,Jaden Springer,2022,2025,6,76,202,25-Sep-02
425,Jae Crowder,2013,2025,3,78,235,6-Jul-90
426,Jae'Sean Tate,2021,2026,3,76,230,28-Oct-95
427,Jahlil Okafor,2016,2025,2,82,270,15-Dec-95
428,Jahmai Mashack,2026,2026,6,76,203,10-Nov-02
429,Jahmi'us Ramsey,2021,2024,6,75,190,9-Jun-01
430,Jahmir Young,2025,2026,6,73,185,7-Oct-00
431,Jahmyl Telfort,2026,2026,6,79,225,30-Apr-01
432,Jaime Echenique,2022,2022,1,83,258,27-Apr-97
433,Jaime Jaquez Jr.,2024,2026,7,78,225,18-Feb-01
434,JaKarr Sampson,2015,2021,7,79,214,20-Mar-93
435,Jake LaRavia,2023,2026,3,79,235,3-Nov-01
436,Jake Layman,2017,2022,3,80,209,7-Mar-94
437,Jakob Poeltl,2017,2026,1,85,253,15-Oct-95
438,Jalen Bridges,2025,2025,3,79,225,14-May-01
439,Jalen Brunson,2019,2026,6,74,190,31-Aug-96
440,Jalen Crutcher,2024,2024,6,73,175,18-Jul-99
441,Jalen Duren,2023,2026,1,82,250,18-Nov-03
442,Jalen Green,2022,2026,6,76,186,9-Feb-02
443,Jalen Harris,2021,2021,6,77,195,14-Aug-98
444,Jalen Hood-Schifino,2024,2025,6,77,210,19-Jun-03
445,Jalen Johnson,2022,2026,3,80,219,18-Dec-01
446,Jalen Lecque,2020,2021,6,76,185,13-Jun-00
447,Jalen McDaniels,2020,2025,3,81,205,31-Jan-98
448,Jalen Pickett,2024,2026,6,74,202,22-Oct-99
449,Jalen Slawson,2024,2024,3,79,215,22-Oct-99
450,Jalen Smith,2021,2026,3,80,215,16-Mar-00
451,Jalen Suggs,2022,2026,6,77,205,3-Jun-01
452,Jalen Williams,2023,2026,6,77,211,14-Apr-01
453,Jalen Wilson,2024,2026,3,78,220,4-Nov-00
454,Jamal Cain,2023,2026,3,79,191,20-Mar-99
455,Jamal Murray,2017,2026,6,76,215,23-Feb-97
456,Jamal Shead,2025,2026,6,73,200,24-Jun-02
457,Jamaree Bouyea,2023,2026,6,74,180,27-Jun-99
458,James Bouknight,2022,2024,6,76,190,18-Sep-00
459,James Ennis III,2015,2022,3,78,215,1-Jul-90
460,James Harden,2010,2026,6,77,220,26-Aug-89
461,James Johnson,2010,2025,3,79,240,20-Feb-87
462,James Nunnally,2014,2021,3,79,205,14-Jul-90
463,James Wiseman,2021,2026,1,83,240,31-Mar-01
464,Jamir Watkins,2026,2026,5,78,210,6-Jul-01
465,Jamison Battle,2025,2026,3,79,220,10-May-01
466,Jamorko Pickett,2022,2022,7,81,206,24-Dec-97
467,JaMychal Green,2015,2023,3,81,227,21-Jun-90
468,JaQuori McLaughlin,2022,2022,6,76,190,29-Jan-98
469,Jarace Walker,2024,2026,3,79,235,4-Sep-03
470,Jared Butler,2022,2025,6,75,193,25-Aug-00
471,Jared Dudley,2008,2021,5,78,237,10-Jul-85
472,Jared Harper,2020,2022,6,70,175,14-Sep-97
473,Jared McCain,2025,2026,6,75,195,20-Feb-04
474,Jared Rhoden,2023,2025,6,77,210,27-Aug-99
475,Jaren Jackson Jr.,2019,2026,3,82,242,15-Sep-99
476,Jarred Vanderbilt,2019,2026,3,80,214,3-Apr-99
477,Jarrell Brantley,2020,2023,3,77,250,7-Jun-96
478,Jarrett Allen,2018,2026,2,81,243,21-Apr-98
479,Jarrett Culver,2020,2023,6,78,195,20-Feb-99
480,Jarron Cumberland,2022,2022,6,77,205,22-Sep-97
481,Jase Richardson,2026,2026,6,73,180,16-Oct-05
482,Jason Preston,2023,2024,6,75,181,10-Aug-99
483,JaVale McGee,2009,2024,1,85,270,19-Jan-88
484,Javin DeLaurier,2022,2022,3,82,237,7-Apr-98
485,Javon Freeman-Liberty,2024,2024,6,75,190,20-Oct-99
486,Javon Small,2026,2026,6,73,190,19-Dec-02
487,Javonte Cooke,2026,2026,6,78,185,11-Jul-99
488,Javonte Green,2020,2026,3,77,205,23-Jul-93
489,Javonte Smart,2022,2024,6,76,205,3-Jun-99
490,Jaxson Hayes,2020,2026,3,85,220,23-May-00
491,Jay Huff,2022,2026,2,85,240,25-Aug-98
492,Jay Scrubb,2021,2023,7,77,220,1-Sep-00
493,Jaylen Adams,2019,2021,6,73,225,4-May-96
494,Jaylen Brown,2017,2026,5,78,223,24-Oct-96
495,Jaylen Clark,2025,2026,6,77,205,13-Oct-01
496,Jaylen Hoard,2020,2022,3,80,216,30-Mar-99
497,Jaylen Martin,2025,2025,3,78,216,28-Jan-04
498,Jaylen Morris,2018,2022,6,77,185,19-Sep-95
499,Jaylen Nowell,2020,2025,6,76,201,9-Jul-99
500,Jaylen Sims,2025,2025,6,78,210,11-Dec-98
501,Jaylen Wells,2025,2026,3,79,206,26-Aug-03
502,Jaylin Williams,2023,2026,3,81,240,29-Jun-02
503,Jaylon Tyson,2025,2026,6,78,215,2-Dec-02
504,Jaysean Paige,2022,2022,6,74,200,30-Jul-94
505,Jayson Tatum,2018,2025,3,80,210,3-Mar-98
506,Jazian Gortman,2025,2025,6,74,184,14-Apr-03
507,JD Davison,2023,2026,6,73,195,3-Oct-02
508,Jeff Dowtin Jr.,2022,2025,6,75,177,10-May-97
509,Jeff Green,2008,2026,3,80,235,28-Aug-86
510,Jeff Teague,2010,2021,6,75,195,10-Jun-88
511,Jemerrio Jones,2019,2022,3,77,174,9-Apr-95
512,Jerami Grant,2015,2026,3,79,213,12-Mar-94
513,Jeremiah Fears,2026,2026,6,75,190,14-Oct-06
514,Jeremiah Martin,2020,2021,6,74,185,19-Jun-96
515,Jeremiah Robinson-Earl,2022,2026,3,81,240,3-Nov-00
516,Jeremy Lamb,2013,2022,7,77,180,30-May-92
517,Jeremy Sochan,2023,2026,5,80,230,20-May-03
518,Jericho Sims,2022,2026,4,82,250,20-Oct-98
519,Jermaine Samuels,2024,2024,3,78,230,13-Nov-98
520,Jerome Robinson,2019,2024,6,77,190,22-Feb-97
521,Jesse Edwards,2025,2025,1,85,236,18-Mar-00
522,Jett Howard,2024,2026,6,80,215,14-Sep-03
523,Jevon Carter,2019,2026,6,73,200,14-Sep-95
524,Jimmy Butler,2012,2026,5,78,230,14-Sep-89
525,JJ Redick,2007,2021,6,75,200,24-Jun-84
526,Joan Beringer,2026,2026,1,83,230,11-Nov-06
527,Jock Landale,2022,2026,1,83,255,25-Oct-95
528,Joe Harris,2015,2024,6,78,220,6-Sep-91
529,Joe Ingles,2015,2026,5,80,220,2-Oct-87
530,Joe Johnson,2002,2022,7,79,240,29-Jun-81
531,Joe Wieskamp,2022,2023,6,78,205,23-Aug-99
532,Joel Ayayi,2022,2022,6,76,180,5-Mar-00
533,Joel Embiid,2017,2026,1,85,280,16-Mar-94
534,John Butler,2023,2023,1,85,190,4-Dec-02
535,John Collins,2018,2026,3,81,226,23-Sep-97
536,John Konchar,2020,2026,6,77,210,22-Mar-96
537,John Tonje,2026,2026,6,76,218,23-Apr-01
538,John Wall,2011,2023,6,75,210,6-Sep-90
539,Johnathan Motley,2018,2020,3,80,230,4-May-95
540,Johni Broome,2026,2026,4,82,235,19-Jul-02
541,Johnny Davis,2023,2025,6,76,195,27-Feb-02
542,Johnny Furphy,2025,2026,7,80,200,8-Dec-04
543,Johnny Juzang,2023,2026,6,79,226,17-Mar-01
544,Jon Teske,2022,2022,1,85,265,4-May-97
545,Jonah Bolden,2019,2020,3,80,225,2-Jan-96
546,Jonas Valančiūnas,2013,2026,1,83,265,6-May-92
547,Jonathan Isaac,2018,2026,3,82,230,3-Oct-97
548,Jonathan Kuminga,2022,2026,3,79,225,6-Oct-02
549,Jonathan Mogbo,2025,2026,3,81,225,29-Oct-01
550,Jontay Porter,2021,2024,4,83,240,15-Nov-99
551,Jordan Bell,2018,2022,3,80,216,7-Jan-95
552,Jordan Bone,2020,2021,6,74,180,5-Nov-97
553,Jordan Clarkson,2015,2026,6,77,194,7-Jun-92
554,Jordan Ford,2024,2024,6,73,175,26-May-98
555,Jordan Goodwin,2022,2026,6,75,215,23-Oct-98
556,Jordan Hall,2023,2023,7,79,220,14-Jan-02
557,Jordan Hawkins,2024,2026,6,77,190,29-Apr-02
558,Jordan McLaughlin,2020,2026,6,71,185,9-Apr-96
559,Jordan McRae,2016,2020,6,77,179,28-Mar-91
560,Jordan Miller,2024,2026,6,77,194,23-Jan-00
561,Jordan Nwora,2021,2024,3,80,225,9-Sep-98
562,Jordan Poole,2020,2026,6,76,194,19-Jun-99
563,Jordan Schakel,2022,2023,3,78,200,13-Jun-98
564,Jordan Walsh,2024,2026,7,78,205,3-Mar-04
565,Jose Alvarado,2022,2026,6,73,179,12-Apr-98
566,Josh Christopher,2022,2025,6,76,215,8-Dec-01
567,Josh Giddey,2022,2026,6,79,216,10-Oct-02
568,Josh Green,2021,2026,7,78,200,16-Nov-00
569,Josh Hall,2021,2021,3,81,190,8-Oct-00
570,Josh Hart,2018,2026,5,77,215,6-Mar-95
571,Josh Jackson,2018,2022,5,80,207,10-Feb-97
572,Josh Magette,2018,2020,6,73,160,28-Nov-89
573,Josh Minott,2023,2026,3,80,205,25-Nov-02
574,Josh Okogie,2019,2026,6,76,213,1-Sep-98
575,Josh Richardson,2016,2025,6,77,200,15-Sep-93
576,Joshua Primo,2022,2024,6,76,189,24-Dec-02
577,Jrue Holiday,2010,2026,6,76,220,12-Jun-90
578,JT Thor,2022,2025,3,81,203,26-Aug-02
579,Juan Toscano-Anderson,2020,2024,3,78,209,10-Apr-93
580,Juancho Hernangómez,2017,2023,3,81,214,28-Sep-95
581,Jules Bernard,2024,2024,3,78,210,21-Jan-00
582,Julian Champagnie,2023,2026,3,79,217,29-Jun-01
583,Julian Phillips,2024,2026,3,78,198,5-Nov-03
584,Julian Strawther,2024,2026,3,78,205,18-Apr-02
585,Julius Randle,2015,2026,4,81,250,29-Nov-94
586,Justin Anderson,2016,2022,6,78,230,19-Nov-93
587,Justin Champagnie,2022,2026,3,78,206,29-Jun-01
588,Justin Edwards,2025,2026,6,79,203,16-Dec-03
589,Justin Holiday,2013,2024,3,78,180,5-Apr-89
590,Justin Jackson,2018,2024,7,80,220,28-Mar-95
591,Justin James,2020,2021,6,78,190,24-Jan-97
592,Justin Minaya,2023,2025,3,77,205,26-Mar-99
593,Justin Patton,2018,2021,1,83,241,14-Jun-97
594,Justin Robinson,2020,2022,6,73,195,12-Oct-97
595,Justise Winslow,2016,2023,3,78,222,26-Mar-96
596,Jusuf Nurkić,2015,2026,1,83,290,23-Aug-94
597,Juwan Morgan,2020,2022,3,79,232,17-Apr-97
598,Kadary Richmond,2026,2026,6,77,205,25-Aug-01
599,Kai Jones,2022,2025,4,83,221,19-Jan-01
600,Kaiser Gates,2024,2024,3,80,223,8-Nov-96
601,Kam Jones,2026,2026,6,76,200,25-Feb-02
602,Karim Mané,2021,2021,6,75,190,16-May-00
603,Karl-Anthony Towns,2016,2026,2,85,248,15-Nov-95
604,Karlo Matković,2025,2026,4,82,231,30-Mar-01
605,Kasparas Jakučionis,2026,2026,6,77,200,29-May-06
606,Kawhi Leonard,2012,2026,3,78,225,29-Jun-91
607,Keaton Wallace,2025,2026,6,75,185,26-Feb-99
608,Keegan Murray,2023,2026,3,80,225,19-Aug-00
609,Keifer Sykes,2022,2022,6,71,167,30-Dec-93
610,Keion Brooks Jr.,2025,2025,3,79,210,7-Aug-00
611,Keita Bates-Diop,2019,2024,3,80,229,23-Jan-96
612,Kel'el Ware,2025,2026,1,85,230,20-Apr-04
613,Kelan Martin,2020,2022,3,77,230,3-Aug-95
614,Keldon Johnson,2020,2026,6,78,220,11-Oct-99
615,Keljin Blevins,2021,2022,3,76,200,24-Nov-95
616,Kelly Olynyk,2014,2026,2,85,240,19-Apr-91
617,Kelly Oubre Jr.,2016,2026,3,80,203,9-Dec-95
618,Kemba Walker,2012,2023,6,73,184,8-May-90
619,Kendall Brown,2023,2024,7,78,205,11-May-03
620,Kendrick Nunn,2020,2023,6,75,190,3-Aug-95
621,Kennedy Chandler,2023,2023,6,73,170,16-Sep-02
622,Kenneth Lofton Jr.,2023,2024,3,78,275,14-Aug-02
623,Kenrich Williams,2019,2026,7,79,210,2-Dec-94
624,Kent Bazemore,2013,2022,7,76,195,1-Jul-89
625,Kentavious Caldwell-Pope,2014,2026,6,77,204,18-Feb-93
626,Keon Ellis,2023,2026,6,76,175,8-Jan-00
627,Keon Johnson,2022,2025,6,77,185,10-Mar-02
628,Keshad Johnson,2025,2026,3,78,225,23-Jun-01
629,Keshon Gilbert,2026,2026,6,76,200,30-Jun-03
630,Kessler Edwards,2022,2025,3,80,203,9-Aug-00
631,Kevin Durant,2008,2026,5,83,240,29-Sep-88
632,Kevin Huerter,2019,2026,6,78,198,27-Aug-98
633,Kevin Knox,2019,2025,3,80,215,11-Aug-99
634,Kevin Love,2009,2026,4,82,251,7-Sep-88
635,Kevin McCullar Jr.,2025,2026,6,78,210,15-Mar-01
636,Kevin Pangos,2022,2022,6,73,179,26-Jan-93
637,Kevin Porter Jr.,2020,2026,6,77,203,4-May-00
638,Kevon Harris,2023,2024,6,77,216,24-Jun-97
639,Kevon Looney,2016,2026,4,81,222,6-Feb-96
640,Keyontae Johnson,2024,2024,3,76,230,24-May-00
641,Keyonte George,2024,2026,6,76,185,8-Nov-03
642,Khaman Maluach,2026,2026,1,85,250,14-Sep-06
643,Khem Birch,2018,2023,2,80,233,28-Sep-92
644,Khris Middleton,2013,2026,5,79,222,12-Aug-91
645,Khyri Thomas,2019,2021,6,75,210,8-May-96
646,Killian Hayes,2021,2026,6,76,195,27-Jul-01
647,Killian Tillie,2021,2022,3,81,220,5-Mar-98
648,Kira Lewis Jr.,2021,2024,6,73,170,6-Apr-01
649,KJ Martin,2021,2025,3,78,215,6-Jan-01
650,KJ Simpson,2025,2026,6,74,189,8-Aug-02
651,Klay Thompson,2012,2026,7,77,220,8-Feb-90
652,Kobe Brown,2024,2026,7,79,250,1-Jan-00
653,Kobe Bufkin,2024,2026,6,76,195,21-Sep-03
654,Kobe Sanders,2026,2026,6,80,207,30-May-02
655,Kobi Simmons,2018,2024,6,77,180,4-Jul-97
656,Koby Brea,2026,2026,6,77,215,6-Nov-02
657,Kon Knueppel,2026,2026,7,78,215,3-Aug-05
658,Kostas Antetokounmpo,2019,2021,3,82,200,20-Nov-97
659,Kris Dunn,2017,2026,6,75,205,18-Mar-94
660,Kris Murray,2024,2026,3,80,218,19-Aug-00
661,Kristaps Porziņģis,2016,2026,2,86,240,2-Aug-95
662,Ky Bowman,2020,2020,6,73,187,16-Jun-97
663,Kyle Anderson,2015,2026,5,80,230,20-Sep-93
664,Kyle Filipowski,2025,2026,4,83,250,7-Nov-03
665,Kyle Guy,2020,2022,6,73,167,11-Aug-97
666,Kyle Kuzma,2018,2026,3,80,221,24-Jul-95
667,Kyle Lowry,2007,2026,6,73,196,25-Mar-86
668,Kylor Kelley,2025,2025,3,85,215,26-Aug-97
669,Kyrie Irving,2012,2025,6,74,195,23-Mar-92
670,Kyshawn George,2025,2026,6,80,200,12-Dec-03
671,KZ Okpala,2020,2023,3,80,215,28-Apr-99
672,Lachlan Olbrich,2026,2026,4,80,236,30-Dec-03
673,Lamar Stevens,2021,2025,3,79,230,9-Jul-97
674,LaMarcus Aldridge,2007,2022,4,83,250,19-Jul-85
675,LaMelo Ball,2021,2026,6,79,180,22-Aug-01
676,Lance Stephenson,2011,2022,7,78,230,5-Sep-90
677,Landry Shamet,2019,2026,6,77,190,13-Mar-97
678,Langston Galloway,2015,2022,6,73,200,9-Dec-91
679,Larry Nance Jr.,2016,2026,4,78,245,1-Jan-93
680,Lauri Markkanen,2018,2026,4,85,240,22-May-97
681,Lawson Lovering,2026,2026,1,85,245,9-May-03
682,Leaky Black,2024,2024,3,78,209,14-Jun-99
683,Leaky Black,2024,2026,3,78,209,14-Jun-99
684,Leandro Bolmaro,2022,2023,3,78,200,11-Sep-00
685,LeBron James,2004,2026,5,81,250,30-Dec-84
686,Leonard Miller,2024,2026,3,82,220,26-Nov-03
687,Lester Quiñones,2023,2025,6,77,208,16-Nov-00
688,Liam McNeeley,2026,2026,7,79,210,10-Oct-05
689,Liam Robbins,2025,2025,3,85,250,12-Jul-99
690,Lindell Wigginton,2022,2024,6,73,189,28-Mar-98
691,Lindy Waters III,2022,2026,6,77,210,28-Jul-97
692,LJ Cryer,2026,2026,6,73,202,9-Oct-01
693,Lonnie Walker IV,2019,2025,6,76,204,14-Dec-98
694,Lonzo Ball,2018,2026,6,77,190,27-Oct-97
695,Lou Williams,2006,2022,6,74,175,27-Oct-86
696,Louis King,2020,2023,3,79,205,6-Apr-99
697,Luc Mbah a Moute,2009,2020,3,80,230,9-Sep-86
698,Luguentz Dort,2020,2026,6,76,220,19-Apr-99
699,Luka Dončić,2019,2026,7,80,230,28-Feb-99
700,Luka Garza,2022,2026,4,82,243,27-Dec-98
701,Luka Šamanić,2020,2024,3,82,227,9-Jan-00
702,Luke Kennard,2018,2026,6,77,206,24-Jun-96
703,Luke Kornet,2018,2026,2,85,250,15-Jul-95
704,Luke Travers,2025,2026,6,78,207,3-Sep-01
705,M.J. Walker,2022,2022,6,77,213,28-Mar-98
706,Mac McClung,2022,2026,6,74,185,6-Jan-99
707,Malachi Flynn,2021,2025,6,73,185,10-May-98
708,Malaki Branham,2023,2026,6,76,180,12-May-03
709,Malcolm Brogdon,2017,2025,6,76,229,11-Dec-92
710,Malcolm Cazalon,2024,2024,6,78,185,27-Aug-01
711,Malcolm Hill,2022,2023,3,78,220,26-Oct-95
712,Malcolm Miller,2018,2020,3,79,210,6-Mar-93
713,Malevy Leons,2025,2026,3,81,210,23-Sep-99
714,Malik Beasley,2017,2025,6,76,187,26-Nov-96
715,Malik Fitts,2021,2022,3,77,230,4-Jul-97
716,Malik Monk,2018,2026,6,75,200,4-Feb-98
717,Malik Newman,2020,2022,6,75,190,21-Feb-97
718,Malik Williams,2024,2024,1,83,250,26-Aug-98
719,Mamadi Diakite,2021,2024,3,81,228,21-Jan-97
720,Mãozinha Pereira,2024,2024,3,80,177,28-Aug-00
721,Marc Gasol,2009,2021,1,83,255,29-Jan-85
722,Marco Belinelli,2008,2020,7,77,220,25-Mar-86
723,Marcus Bagley,2025,2025,3,80,215,23-Oct-01
724,Marcus Garrett,2022,2025,6,77,205,9-Nov-98
725,Marcus Morris,2012,2024,3,80,218,2-Sep-89
726,Marcus Sasser,2024,2026,6,73,195,21-Sep-00
727,Marcus Smart,2015,2026,6,75,220,6-Mar-94
728,MarJon Beauchamp,2023,2026,6,79,199,12-Oct-00
729,Mark Sears,2026,2026,6,73,185,19-Feb-02
730,Mark Williams,2023,2026,1,85,240,16-Dec-01
731,Markelle Fultz,2018,2025,6,76,209,29-May-98
732,Markieff Morris,2012,2025,3,81,245,2-Sep-89
733,Marko Simonovic,2022,2023,1,85,220,15-Oct-99
734,Markquis Nowell,2024,2024,6,67,160,25-Dec-99
735,Markus Howard,2021,2022,6,70,175,3-Mar-99
736,Marques Bolden,2020,2024,1,82,249,17-Apr-98
737,Marquese Chriss,2017,2022,3,81,240,2-Jul-97
738,Marvin Bagley III,2019,2026,4,82,235,14-Mar-99
739,Mason Jones,2021,2025,6,76,200,21-Jul-98
740,Mason Plumlee,2014,2026,2,85,254,5-Mar-90
741,Matas Buzelis,2025,2026,3,80,209,13-Oct-04
742,Matisse Thybulle,2020,2026,6,77,202,4-Mar-97
743,Matt Mooney,2020,2022,6,75,199,7-Feb-96
744,Matt Ryan,2022,2025,3,78,215,17-Apr-97
745,Matt Thomas,2020,2022,6,75,190,4-Aug-94
746,Matthew Dellavedova,2014,2023,6,75,200,8-Sep-90
747,Matthew Hurt,2024,2024,3,81,233,20-Apr-00
748,Maurice Harkless,2013,2022,5,79,220,11-May-93
749,Max Christie,2023,2026,6,77,190,10-Feb-03
750,Max Shulga,2026,2026,6,76,210,25-Jun-02
751,Max Strus,2020,2025,6,77,215,28-Mar-96
752,Maxi Kleber,2018,2026,3,82,240,29-Jan-92
753,Maxime Raynaud,2026,2026,3,85,250,7-Apr-03
754,Maxwell Lewis,2024,2025,3,79,215,27-Jul-02
755,McKinley Wright IV,2022,2023,6,71,192,25-Oct-98
756,Melvin Frazier,2019,2022,6,78,210,30-Aug-96
757,Meyers Leonard,2013,2023,2,85,260,27-Feb-92
758,Mfiondu Kabengele,2020,2023,3,82,250,14-Aug-97
759,Micah Peavy,2026,2026,6,79,215,16-Jul-01
760,Micah Potter,2022,2026,1,81,248,6-Apr-98
761,Michael Carter-Williams,2014,2023,6,78,205,10-Oct-91
762,Michael Foster Jr.,2023,2023,3,80,250,16-Jan-03
763,Michael Porter Jr.,2020,2026,3,82,218,29-Jun-98
764,Mikal Bridges,2019,2026,5,78,209,30-Aug-96
765,Mike Conley,2008,2026,6,73,175,11-Oct-87
766,Mike James,2018,2021,6,73,175,18-Aug-90
767,Mike Muscala,2014,2024,4,82,240,1-Jul-91
768,Mike Scott,2013,2021,3,79,237,16-Jul-88
769,Miles Bridges,2019,2026,7,79,225,21-Mar-98
770,Miles Kelly,2026,2026,6,76,190,26-Jan-03
771,Miles McBride,2022,2026,6,74,195,8-Sep-00
772,Miles Norris,2025,2025,3,79,220,15-Apr-00
773,Mitchell Robinson,2019,2026,1,85,240,1-Apr-98
774,Miye Oni,2020,2022,6,77,206,4-Aug-97
775,Mo Bamba,2019,2026,1,85,231,12-May-98
776,Mohamed Diawara,2026,2026,4,81,225,29-Apr-05
777,Monte Morris,2018,2026,6,74,183,27-Jun-95
778,Montrezl Harrell,2016,2023,4,79,240,26-Jan-94
779,Moritz Wagner,2019,2026,4,83,245,26-Apr-97
780,Moses Brown,2020,2025,1,86,258,13-Oct-99
781,Moses Moody,2022,2026,6,77,211,31-May-02
782,Moses Wright,2022,2022,3,80,226,23-Dec-98
783,Mouhamadou Gueye,2024,2024,3,81,210,6-Jul-98
784,Mouhamed Gueye,2024,2026,3,83,210,9-Nov-02
785,Moussa Cisse,2026,2026,1,83,220,10-Sep-02
786,Moussa Diabaté,2023,2026,3,82,210,21-Jan-02
787,Mychal Mulder,2020,2022,7,75,195,12-Jun-94
788,Myles Powell,2022,2022,6,74,195,7-Jul-97
789,Myles Turner,2016,2026,2,83,250,24-Mar-96
790,Myron Gardner,2026,2026,6,77,220,21-May-01
791,N'Faly Dante,2025,2026,1,83,230,19-Oct-01
792,Nae'Qwan Tomlin,2025,2026,3,80,210,10-Dec-00
793,Naji Marshall,2021,2026,3,78,220,24-Jan-98
794,Nassir Little,2020,2024,3,78,220,11-Feb-00
795,Nate Darling,2021,2021,6,77,200,30-Aug-98
796,Nate Hinton,2021,2024,6,77,210,8-Jun-99
797,Nate Williams,2023,2025,6,77,205,12-Feb-99
798,Nathan Knight,2021,2023,4,80,253,20-Sep-97
799,Nathan Mensah,2024,2024,3,81,230,9-Apr-98
800,Naz Mitrou-Long,2018,2020,6,75,218,3-Aug-93
801,Naz Reid,2020,2026,3,81,264,26-Aug-99
802,Neemias Queta,2022,2026,1,85,248,13-Jul-99
803,Nemanja Bjelica,2016,2022,3,82,234,9-May-88
804,Nerlens Noel,2015,2023,2,82,220,10-Apr-94
805,Nic Claxton,2020,2026,1,83,215,17-Apr-99
806,Nick Richards,2021,2026,4,83,245,29-Nov-97
807,Nick Smith Jr.,2024,2026,6,74,185,18-Apr-04
808,Nickeil Alexander-Walker,2020,2026,6,77,205,2-Sep-98
809,Nico Mannion,2021,2021,6,74,190,14-Mar-01
810,Nicolas Batum,2009,2026,5,79,230,14-Dec-88
811,Nicolò Melli,2020,2021,3,81,236,26-Jan-91
812,Nigel Hayes-Davis,2018,2026,3,79,254,16-Dec-94
813,Nik Stauskas,2015,2022,6,78,205,7-Oct-93
814,Nikola Jokić,2016,2026,2,83,284,19-Feb-95
815,Nikola Jović,2023,2026,7,82,205,9-Jun-03
816,Nikola Topić,2026,2026,6,78,200,10-Aug-05
817,Nikola Vučević,2012,2026,1,81,260,24-Oct-90
818,Nique Clifford,2026,2026,6,77,175,9-Feb-02
819,Noa Essengue,2026,2026,3,80,200,18-Dec-06
820,Noah Clowney,2024,2026,3,82,210,14-Jul-04
821,Noah Penda,2026,2026,7,79,215,7-Jan-05
822,Noah Vonleh,2015,2023,4,82,257,24-Aug-95
823,Nolan Traoré,2026,2026,6,75,185,28-May-06
824,Norman Powell,2016,2026,6,75,215,25-May-93
825,Norvel Pelle,2020,2022,4,82,231,3-Feb-93
826,Obi Toppin,2021,2026,3,81,220,4-Mar-98
827,Ochai Agbaji,2023,2026,6,77,215,20-Apr-00
828,OG Anunoby,2018,2026,3,79,240,17-Jul-97
829,Olivier Sarr,2022,2024,1,82,240,20-Feb-99
830,Olivier-Maxence Prosper,2024,2026,3,79,230,3-Jul-02
831,Omer Yurtseven,2022,2024,1,83,275,19-Jun-98
832,Onuralp Bitim,2024,2024,3,78,215,31-Mar-99
833,Onyeka Okongwu,2021,2026,2,82,240,11-Dec-00
834,Orlando Robinson,2023,2026,3,82,235,10-Jul-00
835,Oscar Tshiebwe,2024,2026,3,80,255,27-Nov-99
836,Oshae Brissett,2020,2025,3,79,210,20-Jun-98
837,Oso Ighodaro,2025,2026,3,83,235,14-Jul-02
838,Otto Porter Jr.,2014,2024,3,80,198,3-Jun-93
839,Ousmane Dieng,2023,2026,3,81,185,21-May-03
840,P.J. Tucker,2007,2025,3,77,245,5-May-85
841,P.J. Washington,2020,2026,3,79,230,23-Aug-98
842,Pacome Dadiet,2025,2026,3,81,210,27-Jul-05
843,Paolo Banchero,2023,2026,3,82,250,12-Nov-02
844,Paris Bass,2022,2022,3,80,200,29-Aug-95
845,Pascal Siakam,2017,2026,4,80,245,2-Apr-94
846,Pat Connaughton,2016,2026,6,77,209,6-Jan-93
847,Pat Spencer,2024,2026,6,74,205,4-Jul-96
848,Patrick Baldwin Jr.,2023,2026,7,85,220,18-Nov-02
849,Patrick Beverley,2013,2024,6,74,180,12-Jul-88
850,Patrick McCaw,2017,2021,6,79,181,25-Oct-95
851,Patrick Patterson,2011,2021,3,80,235,14-Mar-89
852,Patrick Williams,2021,2026,3,78,215,26-Aug-01
853,Patty Mills,2010,2025,6,74,180,11-Aug-88
854,Paul George,2011,2026,5,80,220,2-May-90
855,Paul Millsap,2007,2022,3,79,257,10-Feb-85
856,Paul Reed,2021,2026,2,81,210,14-Jun-99
857,Paul Watson,2020,2022,6,78,210,30-Dec-94
858,Payton Pritchard,2021,2026,6,73,195,28-Jan-98
859,Pelle Larsson,2025,2026,6,77,215,23-Feb-01
860,Pete Nance,2024,2026,3,81,225,19-Feb-00
861,Petr Cornelie,2022,2022,3,83,220,26-Jul-95
862,Peyton Watson,2023,2026,7,80,200,11-Sep-02
863,Phillip Wheeler,2025,2025,3,80,185,23-Apr-02
864,PJ Dozier,2018,2025,6,78,212,25-Oct-96
865,PJ Hall,2025,2026,3,80,245,21-Feb-02
866,Precious Achiuwa,2021,2026,3,80,243,19-Sep-99
867,Quentin Grimes,2022,2026,7,76,210,8-May-00
868,Quenton Jackson,2023,2026,6,76,173,15-Sep-98
869,Quincy Olivari,2025,2025,6,74,201,27-May-01
870,Quinn Cook,2017,2021,6,73,180,23-Mar-93
871,Quinndary Weatherspoon,2020,2022,6,75,207,10-Sep-96
872,Quinten Post,2025,2026,3,85,238,21-Mar-00
873,R.J. Hampton,2021,2024,6,76,175,7-Feb-01
874,RaiQuan Gray,2023,2024,3,79,260,7-Jul-99
875,Rajon Rondo,2007,2022,6,73,180,22-Feb-86
876,Rasheer Fleming,2026,2026,3,81,240,10-Jul-04
877,Raul Neto,2016,2023,6,74,180,19-May-92
878,Ray Spalding,2019,2021,3,82,215,11-Mar-97
879,Rayan Rupert,2024,2026,6,79,205,31-May-04
880,RayJ Dennis,2025,2026,6,73,180,30-Mar-01
881,Rayjon Tucker,2020,2022,3,75,209,24-Sep-97
882,Reece Beekman,2025,2025,6,75,190,8-Oct-01
883,Reed Sheppard,2025,2026,6,74,185,24-Jun-04
884,Reggie Bullock,2014,2024,7,78,205,16-Mar-91
885,Reggie Jackson,2012,2025,6,74,208,16-Apr-90
886,Reggie Perry,2021,2022,4,80,250,21-Mar-00
887,Richaun Holmes,2016,2025,2,81,235,15-Oct-93
888,Ricky Council IV,2024,2025,6,78,207,3-Aug-01
889,Ricky Rubio,2012,2023,6,74,190,21-Oct-90
890,Riley Minix,2025,2026,6,79,230,22-Sep-00
891,RJ Barrett,2020,2026,7,78,214,14-Jun-00
892,RJ Nembhard Jr.,2022,2022,6,77,200,22-Mar-99
893,Rob Dillingham,2025,2026,6,74,175,4-Jan-05
894,Rob Edwards,2022,2022,6,77,205,20-Jan-97
895,Robert Covington,2014,2024,4,79,209,14-Dec-90
896,Robert Franks,2021,2021,3,79,225,18-Dec-96
897,Robert Williams,2019,2026,2,81,249,17-Oct-97
898,Robert Woodard II,2021,2022,3,78,235,22-Sep-99
899,Robin Lopez,2009,2024,1,85,281,1-Apr-88
900,Rocco Zikarsky,2026,2026,1,87,227,11-Jul-06
901,Rodions Kurucs,2019,2021,3,81,228,5-Feb-98
902,Rodney Hood,2015,2022,7,80,208,20-Oct-92
903,Rodney McGruder,2017,2023,6,76,205,29-Jul-91
904,Romeo Langford,2020,2023,6,77,216,25-Oct-99
905,Ron Harper Jr.,2023,2026,7,77,233,12-Apr-00
906,Ron Holland,2025,2026,3,80,206,7-Jul-05
907,Rondae Hollis-Jefferson,2016,2021,3,78,217,3-Jan-95
908,Royce O'Neale,2018,2026,3,78,226,5-Jun-93
909,Rudy Gay,2007,2023,3,80,250,17-Aug-86
910,Rudy Gobert,2014,2026,1,85,258,26-Jun-92
911,Rui Hachimura,2020,2026,3,80,230,8-Feb-98
912,Russell Westbrook,2009,2026,6,76,200,12-Nov-88
913,Ryan Arcidiacono,2018,2024,6,75,195,26-Mar-94
914,Ryan Broekhoff,2019,2020,3,78,215,23-Aug-90
915,Ryan Dunn,2025,2026,3,79,216,7-Jan-03
916,Ryan Kalkbrenner,2026,2026,1,85,256,17-Jan-02
917,Ryan Nembhard,2026,2026,6,71,180,10-Mar-03
918,Ryan Rollins,2023,2026,6,75,180,3-Jul-02
919,Saben Lee,2021,2024,6,74,183,23-Jun-99
920,Saddiq Bey,2021,2026,3,80,215,9-Apr-99
921,Sam Dekker,2016,2022,3,81,230,6-May-94
922,Sam Hauser,2022,2026,3,79,217,8-Dec-97
923,Sam Merrill,2021,2026,6,76,205,15-May-96
924,Sandro Mamukelashvili,2022,2026,2,81,240,23-May-99
925,Santi Aldama,2022,2026,4,85,215,10-Jan-01
926,Sasha Vezenkov,2024,2024,3,80,225,6-Aug-95
927,Scoot Henderson,2024,2026,6,75,207,3-Feb-04
928,Scottie Barnes,2022,2026,7,80,237,1-Aug-01
929,Scottie Lewis,2022,2022,6,76,188,12-Mar-00
930,Scotty Hopson,2014,2022,6,79,215,8-Aug-89
931,Scotty Pippen Jr.,2023,2026,6,74,170,10-Nov-00
932,Sean McDermott,2021,2021,3,78,195,3-Nov-96
933,Sekou Doumbouya,2020,2022,3,80,230,23-Dec-00
934,Semi Ojeleye,2018,2022,3,78,240,5-Dec-94
935,Serge Ibaka,2010,2023,4,83,235,18-Sep-89
936,Seth Curry,2014,2026,6,73,185,23-Aug-90
937,Seth Lundy,2024,2024,7,76,220,2-Apr-00
938,Shaedon Sharpe,2023,2026,6,77,210,30-May-03
939,Shai Gilgeous-Alexander,2019,2026,6,78,195,12-Jul-98
940,Shake Milton,2019,2025,6,77,205,26-Sep-96
941,Shaq Buchanan,2022,2022,6,75,190,30-Jan-97
942,Shaquille Harrison,2018,2024,6,76,195,6-Oct-93
943,Sharife Cooper,2022,2026,6,73,176,11-Jun-01
944,Sidy Cissoko,2024,2026,6,78,220,2-Apr-04
945,Simone Fontecchio,2023,2026,3,79,209,9-Dec-95
946,Sindarius Thornwell,2018,2021,6,76,215,15-Nov-94
947,Sion James,2026,2026,6,77,220,4-Dec-02
948,Skal Labissière,2017,2026,3,82,235,18-Mar-96
949,Skylar Mays,2021,2024,6,76,205,5-Sep-97
950,Solomon Hill,2014,2022,3,78,226,18-Mar-91
951,Spencer Dinwiddie,2015,2025,6,77,215,6-Apr-93
952,Spencer Jones,2025,2026,3,79,225,14-Jun-01
953,Stanley Johnson,2016,2023,3,78,242,29-May-96
954,Stanley Umude,2023,2026,6,78,210,12-Apr-99
955,Stephen Curry,2010,2026,6,74,185,14-Mar-88
956,Stephon Castle,2025,2026,6,78,215,1-Nov-04
957,Sterling Brown,2018,2023,6,77,219,10-Feb-95
958,Steven Adams,2014,2026,1,83,265,20-Jul-93
959,Svi Mykhailiuk,2019,2026,7,79,205,10-Jun-97
960,T.J. Leaf,2018,2021,3,82,222,30-Apr-97
961,T.J. McConnell,2016,2026,6,73,190,25-Mar-92
962,T.J. Warren,2015,2024,3,80,220,5-Sep-93
963,Tacko Fall,2020,2022,1,90,311,10-Dec-95
964,Taelon Peter,2026,2026,6,75,185,27-Feb-02
965,Taj Gibson,2010,2025,4,81,232,24-Jun-85
966,Talen Horton-Tucker,2020,2025,7,76,234,25-Nov-00
967,Tari Eason,2023,2026,3,80,215,10-May-01
968,Taurean Prince,2017,2026,3,78,218,22-Mar-94
969,Taylor Hendricks,2024,2026,3,81,215,22-Nov-03
970,Taze Moore,2024,2025,6,77,195,29-Jun-98
971,Terance Mann,2020,2026,7,78,215,18-Oct-96
972,Terence Davis,2020,2025,6,76,201,16-May-97
973,Terquavion Smith,2024,2024,6,76,160,31-Dec-02
974,Terrance Ferguson,2018,2021,7,78,190,17-May-98
975,Terrence Ross,2013,2023,5,78,206,5-Feb-91
976,Terrence Shannon Jr.,2025,2026,6,78,215,30-Jul-00
977,Terry Rozier,2016,2025,6,73,190,17-Mar-94
978,Terry Taylor,2022,2025,7,77,230,23-Sep-99
979,Thaddeus Young,2008,2024,3,80,225,21-Jun-88
980,Thanasis Antetokounmpo,2016,2026,3,79,219,18-Jul-92
981,Théo Maledon,2021,2024,6,76,175,12-Jun-01
982,Theo Pinson,2019,2023,6,77,212,5-Nov-95
983,Thomas Bryant,2018,2026,1,81,248,31-Jul-97
984,Thon Maker,2017,2021,4,85,221,25-Feb-97
985,Tidjane Salaün,2025,2026,3,82,207,10-Aug-05
986,Tim Frazier,2015,2022,6,73,170,1-Nov-90
987,Tim Hardaway Jr.,2014,2026,6,77,205,16-Mar-92
988,Timmy Allen,2024,2024,3,78,210,9-Jan-00
989,Timothé Luwawu-Cabarrot,2017,2022,3,79,210,9-May-95
990,Tobias Harris,2012,2026,3,80,226,15-Jul-92
991,Tolu Smith,2025,2026,3,83,254,26-Jul-00
992,Tomáš Satoranský,2017,2022,6,79,210,30-Oct-91
993,Tony Bradley,2018,2026,4,82,248,8-Jan-98
994,Tony Snell,2014,2022,7,78,213,10-Nov-91
995,Torrey Craig,2018,2025,7,77,221,19-Dec-90
996,Tosan Evbuomwan,2024,2026,3,80,217,16-Feb-01
997,Toumani Camara,2024,2026,3,79,230,8-May-00
998,Trae Young,2019,2026,6,74,164,19-Sep-98
999,Trayce Jackson-Davis,2024,2026,3,81,245,22-Feb-00
1000,Trayvon Palmer,2022,2022,6,78,200,13-Nov-94
1001,Tre Johnson,2026,2026,6,77,190,7-Mar-06
1002,Tre Jones,2021,2026,6,73,185,8-Jan-00
1003,Tre Mann,2022,2026,6,76,178,3-Feb-01
1004,Tre Scott,2022,2022,3,80,225,25-Nov-96
1005,Tremont Waters,2020,2022,6,70,175,10-Jan-98
1006,Trendon Watford,2022,2026,3,80,237,9-Nov-00
1007,Trent Forrest,2021,2024,6,76,210,12-Jun-98
1008,Trentyn Flowers,2025,2026,7,81,185,8-Mar-05
1009,Trevelin Queen,2022,2025,6,77,190,25-Feb-97
1010,Trevor Ariza,2005,2022,3,80,215,30-Jun-85
1011,Trevor Hudgins,2023,2023,6,73,180,23-Mar-99
1012,Trevor Keels,2023,2026,6,75,215,26-Aug-03
1013,Trey Alexander,2025,2026,6,77,185,2-May-03
1014,Trey Burke,2014,2022,6,73,185,12-Nov-92
1015,Trey Jemison,2024,2026,1,82,270,28-Nov-99
1016,Trey Lyles,2016,2025,3,81,234,5-Nov-95
1017,Trey Murphy III,2022,2026,3,80,206,18-Jun-00
1018,Tristan Da Silva,2025,2026,3,80,217,15-May-01
1019,Tristan Enaruna,2026,2026,3,79,220,26-Jun-01
1020,Tristan Thompson,2012,2025,4,81,254,13-Mar-91
1021,Tristan Vukcevic,2024,2026,4,85,220,11-Mar-03
1022,Tristen Newton,2025,2025,6,77,190,26-Apr-01
1023,Troy Brown Jr.,2019,2024,7,79,215,28-Jul-99
1024,Ty Jerome,2020,2026,6,77,195,8-Jul-97
1025,Ty-Shon Alexander,2021,2021,6,75,195,16-Jul-98
1026,Tyler Bey,2021,2021,3,79,215,10-Feb-98
1027,Tyler Cook,2020,2022,3,80,255,23-Sep-97
1028,Tyler Dorsey,2018,2023,6,76,180,18-Feb-96
1029,Tyler Hall,2022,2022,6,77,210,25-Mar-97
1030,Tyler Herro,2020,2026,6,77,195,20-Jan-00
1031,Tyler Johnson,2015,2022,6,75,186,7-May-92
1032,Tyler Kolek,2025,2026,6,74,195,27-Mar-01
1033,Tyler Smith,2025,2025,3,81,224,2-Nov-04
1034,Tyrell Terry,2021,2022,6,74,160,28-Sep-00
1035,Tyrese Haliburton,2021,2025,6,77,185,29-Feb-00
1036,Tyrese Martin,2023,2026,6,78,215,7-Mar-99
1037,Tyrese Maxey,2021,2026,6,74,200,4-Nov-00
1038,Tyrese Proctor,2026,2026,6,76,185,1-Apr-04
1039,Tyrone Wallace,2018,2022,6,77,198,10-Jun-94
1040,Tyson Etienne,2025,2026,6,73,200,17-Sep-99
1041,TyTy Washington Jr.,2023,2026,6,75,195,15-Nov-01
1042,Tyus Jones,2016,2026,6,73,196,10-May-96
1043,Udoka Azubuike,2021,2024,1,83,270,17-Sep-99
1044,Udonis Haslem,2004,2023,4,80,235,9-Jun-80
1045,Ulrich Chomche,2025,2025,4,83,235,30-Dec-05
1046,Usman Garuba,2022,2024,3,80,229,9-Mar-02
1047,Vasilije Micić,2024,2025,6,75,188,13-Jan-94
1048,Vernon Carey Jr.,2021,2023,1,82,270,25-Feb-01
1049,Victor Oladipo,2014,2023,6,75,213,4-May-92
1050,Victor Wembanyama,2024,2026,2,88,235,4-Jan-04
1051,Vince Williams Jr.,2023,2026,3,76,205,30-Aug-00
1052,Vincent Poirier,2020,2021,1,85,235,17-Oct-93
1053,Vit Krejci,2022,2026,6,80,195,19-Jun-00
1054,VJ Edgecombe,2026,2026,7,76,180,30-Jul-05
1055,Vladislav Goldin,2026,2026,4,85,250,12-May-01
1056,Vlatko Čančar,2020,2025,3,80,236,10-Apr-97
1057,Walker Kessler,2023,2026,1,86,245,26-Jul-01
1058,Walter Clayton,2026,2026,6,76,195,6-Mar-03
1059,Wayne Ellington,2010,2022,6,76,207,29-Nov-87
1060,Wayne Selden,2017,2022,7,76,232,30-Sep-94
1061,Wendell Carter Jr.,2019,2026,1,82,270,16-Apr-99
1062,Wendell Moore Jr.,2023,2026,7,77,215,18-Sep-01
1063,Wenyen Gabriel,2020,2024,3,81,205,26-Mar-97
1064,Wes Iwundu,2018,2022,3,78,195,20-Dec-94
1065,Wesley Matthews,2010,2024,6,77,220,14-Oct-86
1066,Will Barton,2013,2023,6,77,181,6-Jan-91
1067,Will Magnay,2021,2021,1,82,234,10-Jun-98
1068,Will Richard,2026,2026,6,75,206,24-Dec-02
1069,Will Riley,2026,2026,3,81,180,10-Feb-06
1070,Willie Cauley-Stein,2016,2022,4,85,240,18-Aug-93
1071,Willy Hernangómez,2017,2023,1,83,250,27-May-94
1072,Xavier Cooks,2023,2023,3,80,183,19-Aug-95
1073,Xavier Moon,2022,2024,6,73,165,2-Jan-95
1074,Xavier Sneed,2022,2023,3,77,215,21-Dec-97
1075,Xavier Tillman Sr.,2021,2026,3,80,245,12-Jan-99
1076,Yang Hansen,2026,2026,1,85,270,26-Jun-05
1077,Yanic Konan Niederhäuser,2026,2026,3,83,242,14-Mar-03
1078,Yogi Ferrell,2017,2021,6,73,178,9-May-93
1079,Yuki Kawamura,2025,2026,6,67,159,2-May-01
1080,Yuri Collins,2025,2025,6,73,190,7-Mar-01
1081,Yuta Watanabe,2019,2024,3,81,215,13-Oct-94
1082,Yves Missi,2025,2026,1,83,235,14-May-04
1083,Yves Pons,2022,2022,3,77,206,7-May-99
1084,Zaccharie Risacher,2025,2026,3,80,200,8-Apr-05
1085,Zach Collins,2018,2026,2,81,250,19-Nov-97
1086,Zach Edey,2025,2026,1,87,305,14-May-02
1087,Zach LaVine,2015,2026,7,77,200,10-Mar-95
1088,Zavier Simpson,2022,2024,6,73,190,11-Feb-97
1089,Zeke Nnaji,2021,2026,3,82,240,9-Jan-01
1090,Ziaire Williams,2022,2026,3,81,185,12-Sep-01
1091,Zion Williamson,2020,2026,4,78,284,6-Jul-00
1092,Zylan Cheatham,2020,2022,3,77,220,17-Nov-95
1093,Zyon Pullin,2025,2025,6,76,206,3-Mar-01