Team_ID,Season_ID,Team,G,MP,FG,FGA,FG%,3P,3PA,3P%,2P,2PA,2P%,FT,FTA,FT%,ORB,DRB,TRB,AST,STL,BLK,TOV,PF,PTS
1,2021,Atlanta Hawks*,72,241.7,40.8,87.2,0.468,12.4,33.4,0.373,28.4,53.9,0.526,19.7,24.2,0.812,10.6,35.1,45.6,24.1,7.0,4.8,13.2,19.3,113.7
1,2022,Atlanta Hawks*,82,240.3,41.5,88.3,0.47,12.9,34.4,0.374,28.6,53.9,0.531,18.1,22.3,0.812,10.0,33.9,44.0,24.6,7.2,4.2,11.9,18.7,113.9
1,2023,Atlanta Hawks*,82,242.1,44.6,92.4,0.483,10.8,30.5,0.352,33.9,61.8,0.548,18.5,22.6,0.818,11.2,33.2,44.4,25.0,7.1,4.9,12.9,18.8,118.4
1,2024,Atlanta Hawks,82,242.1,43.0,92.5,0.465,13.7,37.7,0.364,29.3,54.8,0.535,18.5,23.2,0.797,12.5,32.2,44.7,26.6,7.5,4.5,13.5,18.6,118.3
1,2025,Atlanta Hawks,82,241.2,43.4,91.8,0.472,13.5,37.7,0.358,29.9,54.1,0.552,18.0,23.2,0.775,11.9,32.6,44.5,29.6,9.7,5.1,15.5,19.1,118.2
1,2026,Atlanta Hawks*,82,240.9,43.6,92.0,0.474,14.6,39.5,0.371,29.0,52.5,0.552,16.6,21.5,0.774,11.0,32.6,43.5,30.1,9.4,4.7,14.2,19.7,118.5
2,2021,Boston Celtics*,72,241.4,41.5,88.9,0.466,13.6,36.4,0.374,27.9,52.5,0.53,16.1,20.8,0.775,10.6,33.6,44.3,23.5,7.7,5.3,14.1,20.4,112.6
2,2022,Boston Celtics*,82,242.7,40.7,87.4,0.466,13.2,37.1,0.356,27.5,50.3,0.547,17.0,20.9,0.816,10.5,35.5,46.1,24.8,7.2,5.8,13.6,18.5,111.8
2,2023,Boston Celtics*,82,243.7,42.2,88.8,0.475,16.0,42.6,0.377,26.2,46.2,0.567,17.5,21.6,0.812,9.7,35.6,45.3,26.7,6.4,5.2,13.4,18.8,117.9
2,2024,Boston Celtics*,82,241.8,43.9,90.2,0.487,16.5,42.5,0.388,27.4,47.7,0.575,16.3,20.2,0.807,10.7,35.6,46.3,26.9,6.8,6.6,11.9,16.2,120.6
2,2025,Boston Celtics*,82,241.8,41.6,90.0,0.462,17.8,48.2,0.368,23.9,41.8,0.571,15.3,19.1,0.799,11.4,33.9,45.3,26.1,7.2,5.5,11.9,15.9,116.3
2,2026,Boston Celtics*,82,240.6,42.1,90.2,0.467,15.5,42.1,0.367,26.7,48.1,0.555,15.1,18.7,0.807,12.5,33.9,46.4,24.6,7.1,5.0,12.4,19.0,114.9
3,2021,Brooklyn Nets*,72,241.7,43.1,87.3,0.494,14.2,36.1,0.392,29.0,51.2,0.565,18.1,22.5,0.804,8.9,35.5,44.4,26.8,6.7,5.3,13.5,19.0,118.6
3,2022,Brooklyn Nets*,82,240.9,42.0,88.4,0.475,11.5,31.7,0.361,30.5,56.7,0.538,17.5,21.7,0.805,10.3,34.1,44.4,25.3,7.1,5.5,14.1,20.4,112.9
3,2023,Brooklyn Nets*,82,240.6,41.5,85.1,0.487,12.8,33.8,0.378,28.7,51.3,0.559,17.7,22.1,0.8,8.2,32.3,40.5,25.5,7.1,6.2,13.7,21.1,113.4
3,2024,Brooklyn Nets,82,241.5,40.7,89.1,0.456,13.3,36.7,0.362,27.4,52.4,0.522,15.8,20.9,0.756,11.4,32.6,44.1,25.6,6.8,5.2,13.1,18.5,110.4
3,2025,Brooklyn Nets,82,241.2,37.6,86.1,0.437,13.6,39.4,0.344,24.1,46.7,0.515,16.3,20.7,0.787,10.9,30.4,41.3,25.2,7.8,4.3,15.2,20.7,105.1
3,2026,Brooklyn Nets,82,240.9,37.5,84.5,0.443,13.1,38.4,0.34,24.4,46.1,0.528,17.9,23.0,0.78,10.3,29.0,39.3,25.0,8.0,4.3,15.8,21.1,105.9
4,2021,Charlotte Hornets,72,241.0,39.9,87.8,0.455,13.7,37.0,0.369,26.3,50.8,0.517,15.9,20.9,0.761,10.6,33.2,43.8,26.8,7.8,4.8,14.8,18.0,109.5
4,2022,Charlotte Hornets,82,242.4,42.8,91.4,0.468,13.9,38.2,0.365,28.8,53.3,0.542,15.8,21.4,0.74,10.8,33.7,44.6,28.1,8.6,4.9,13.3,19.9,115.3
4,2023,Charlotte Hornets,82,241.8,41.3,90.4,0.457,10.7,32.5,0.33,30.5,57.9,0.528,17.6,23.6,0.749,11.0,33.5,44.5,25.1,7.7,5.2,14.2,20.3,111.0
4,2024,Charlotte Hornets,82,240.6,40.0,87.0,0.46,12.1,34.0,0.355,28.0,53.0,0.528,14.5,18.4,0.786,9.3,31.0,40.3,24.8,6.9,4.5,13.8,18.0,106.6
4,2025,Charlotte Hornets,82,240.9,38.3,89.1,0.43,13.0,38.3,0.339,25.3,50.8,0.499,15.5,19.8,0.783,12.2,33.0,45.2,24.3,7.4,4.5,15.5,18.7,105.1
4,2026,Charlotte Hornets*,82,240.9,40.9,88.9,0.46,16.4,43.3,0.378,24.6,45.6,0.538,17.8,21.7,0.818,12.8,33.3,46.1,26.3,7.0,4.5,15.4,19.1,116.0
5,2021,Chicago Bulls,72,241.4,42.2,88.6,0.476,12.6,34.0,0.37,29.6,54.6,0.542,13.8,17.5,0.791,9.6,35.3,45.0,26.8,6.7,4.2,15.1,18.9,110.7
5,2022,Chicago Bulls*,82,240.6,41.7,86.9,0.48,10.6,28.8,0.369,31.1,58.1,0.535,17.5,21.5,0.813,8.7,33.7,42.3,23.9,7.1,4.1,12.8,18.8,111.6
5,2023,Chicago Bulls,82,242.7,42.5,86.8,0.49,10.4,28.9,0.361,32.1,57.9,0.555,17.6,21.8,0.809,8.5,33.9,42.4,24.5,7.9,4.5,13.4,18.9,113.1
5,2024,Chicago Bulls,82,243.7,42.0,89.5,0.47,11.5,32.1,0.358,30.6,57.4,0.532,16.7,21.1,0.791,11.2,32.6,43.8,25.0,7.8,4.8,12.2,18.8,112.3
5,2025,Chicago Bulls,82,240.9,43.2,92.0,0.47,15.4,42.0,0.367,27.8,50.0,0.556,16.0,19.7,0.809,10.1,35.8,45.9,29.1,7.6,4.7,14.7,17.6,117.8
5,2026,Chicago Bulls,82,240.9,42.4,90.5,0.469,14.3,40.1,0.356,28.1,50.4,0.559,17.3,22.2,0.776,10.4,34.7,45.0,28.5,7.6,5.0,15.3,19.0,116.3
6,2021,Cleveland Cavaliers,72,242.1,38.6,85.8,0.45,10.0,29.7,0.336,28.6,56.0,0.51,16.7,22.4,0.743,10.4,32.3,42.8,23.8,7.8,4.5,15.5,18.2,103.8
6,2022,Cleveland Cavaliers,82,240.6,39.7,84.6,0.469,11.6,32.8,0.355,28.1,51.9,0.541,16.8,22.1,0.76,10.2,34.0,44.2,25.2,7.1,4.2,14.4,17.5,107.8
6,2023,Cleveland Cavaliers*,82,242.4,41.6,85.2,0.488,11.6,31.6,0.367,30.0,53.6,0.559,17.5,22.5,0.78,9.7,31.4,41.1,24.9,7.1,4.7,13.3,19.0,112.3
6,2024,Cleveland Cavaliers*,82,241.5,41.8,87.2,0.479,13.5,36.8,0.367,28.3,50.4,0.561,15.6,20.4,0.765,9.8,33.4,43.3,28.0,7.4,4.6,13.6,17.5,112.6
6,2025,Cleveland Cavaliers*,82,240.9,44.5,90.8,0.491,15.9,41.5,0.383,28.6,49.3,0.581,17.0,21.9,0.776,11.2,34.2,45.4,28.1,8.2,4.3,13.2,18.1,121.9
6,2026,Cleveland Cavaliers*,82,240.9,43.3,90.0,0.482,14.3,39.8,0.36,29.0,50.2,0.578,18.5,23.9,0.776,11.7,32.7,44.4,28.3,8.5,5.0,14.0,19.6,119.5
7,2021,Dallas Mavericks*,72,240.3,41.1,87.3,0.47,13.8,38.1,0.362,27.3,49.2,0.554,16.5,21.2,0.778,9.1,34.2,43.3,22.9,6.3,4.3,12.1,19.4,112.4
7,2022,Dallas Mavericks*,82,240.9,39.3,85.1,0.461,13.1,37.4,0.35,26.2,47.8,0.548,16.4,21.2,0.771,9.3,33.8,43.0,23.4,6.7,4.0,12.5,19.7,108.0
7,2023,Dallas Mavericks,82,243.0,40.0,84.3,0.475,15.2,41.0,0.371,24.8,43.3,0.574,19.0,25.1,0.755,7.6,31.2,38.8,22.9,6.3,3.7,12.2,20.7,114.2
7,2024,Dallas Mavericks*,82,240.3,43.1,89.7,0.481,14.6,39.5,0.369,28.5,50.1,0.569,17.0,22.5,0.758,9.7,33.2,42.9,25.7,6.9,5.0,12.5,18.3,117.9
7,2025,Dallas Mavericks,82,240.6,42.0,87.7,0.479,12.4,34.2,0.364,29.5,53.6,0.552,17.8,23.1,0.77,10.1,33.0,43.0,25.2,7.8,5.4,14.0,17.8,114.2
7,2026,Dallas Mavericks,82,242.1,41.9,89.8,0.466,11.0,31.9,0.344,30.9,57.9,0.533,19.5,25.8,0.755,10.5,34.2,44.7,25.3,7.5,5.2,14.5,18.4,114.1
8,2021,Denver Nuggets*,72,242.8,43.3,89.2,0.485,12.9,34.2,0.377,30.4,55.0,0.552,15.7,19.5,0.803,10.5,33.9,44.4,26.8,8.1,4.5,13.5,19.1,115.1
8,2022,Denver Nuggets*,82,241.5,41.7,86.3,0.483,12.7,35.9,0.353,29.0,50.4,0.575,16.7,21.0,0.795,9.2,34.9,44.1,27.8,7.2,3.7,14.5,20.0,112.7
8,2023,Denver Nuggets*,82,240.9,43.6,86.4,0.504,11.8,31.2,0.379,31.8,55.2,0.575,16.8,22.4,0.751,10.1,32.9,43.0,28.9,7.5,4.5,14.5,18.6,115.8
8,2024,Denver Nuggets*,82,240.3,44.0,88.8,0.496,11.7,31.2,0.374,32.3,57.5,0.562,15.1,19.9,0.762,10.7,33.7,44.4,29.5,7.1,5.6,12.6,18.2,114.9
8,2025,Denver Nuggets*,82,242.1,45.4,89.8,0.506,12.0,31.9,0.376,33.4,57.8,0.578,17.9,23.3,0.77,11.2,34.5,45.7,31.0,8.0,4.9,14.3,17.6,120.8
8,2026,Denver Nuggets*,82,243.0,43.5,87.8,0.496,14.2,35.8,0.396,29.4,52.0,0.565,20.8,25.8,0.808,9.8,34.2,44.0,29.0,6.8,4.0,12.9,19.1,122.1
9,2021,Detroit Pistons,72,242.1,38.7,85.6,0.452,11.6,32.9,0.351,27.1,52.7,0.515,17.8,23.4,0.759,9.6,33.1,42.7,24.2,7.4,5.2,14.9,20.5,106.6
9,2022,Detroit Pistons,82,241.2,38.2,88.6,0.431,11.3,34.6,0.326,26.9,54.0,0.498,17.2,22.0,0.782,11.0,32.0,43.0,23.5,7.7,4.8,14.2,21.9,104.8
9,2023,Detroit Pistons,82,241.5,39.6,87.1,0.454,11.4,32.4,0.351,28.2,54.6,0.516,19.8,25.7,0.771,11.2,31.3,42.4,23.0,7.0,3.8,15.1,22.1,110.3
9,2024,Detroit Pistons,82,240.9,40.9,88.2,0.463,11.0,31.7,0.348,29.8,56.5,0.528,17.0,21.7,0.785,10.5,32.8,43.3,25.5,6.5,4.7,15.2,20.6,109.9
9,2025,Detroit Pistons*,82,241.5,42.7,89.8,0.476,12.8,35.4,0.362,29.9,54.4,0.55,17.2,22.3,0.774,11.4,33.4,44.8,26.4,8.0,5.3,14.9,20.7,115.5
9,2026,Detroit Pistons*,82,241.5,43.4,89.5,0.485,11.0,30.9,0.356,32.4,58.6,0.553,19.9,26.1,0.763,13.1,32.5,45.6,27.8,10.4,6.4,15.1,22.0,117.8
10,2021,Golden State Warriors,72,240.3,41.3,88.2,0.468,14.6,38.7,0.376,26.7,49.4,0.541,16.6,21.1,0.785,8.0,35.1,43.0,27.7,8.2,4.8,15.0,21.2,113.7
10,2022,Golden State Warriors*,82,240.6,40.5,86.4,0.469,14.3,39.4,0.364,26.2,47.0,0.557,15.6,20.3,0.769,9.8,35.7,45.5,27.1,8.8,4.5,14.9,21.0,111.0
10,2023,Golden State Warriors*,82,241.8,43.1,90.2,0.479,16.6,43.2,0.385,26.5,47.0,0.564,16.0,20.2,0.794,10.5,34.1,44.6,29.8,7.2,3.9,16.3,21.4,118.9
10,2024,Golden State Warriors,82,241.8,43.7,91.6,0.477,14.8,38.9,0.38,28.9,52.7,0.548,15.6,20.0,0.78,12.1,34.6,46.7,29.3,7.0,4.6,14.3,19.5,117.8
10,2025,Golden State Warriors*,82,240.6,40.8,90.4,0.451,15.4,42.4,0.364,25.3,48.0,0.528,16.9,22.1,0.764,12.5,32.8,45.4,29.1,9.4,4.8,14.0,19.2,113.8
10,2026,Golden State Warriors*,82,241.5,40.9,88.8,0.461,15.7,44.1,0.356,25.3,44.7,0.565,17.0,21.1,0.807,11.4,31.0,42.3,28.9,9.7,4.2,15.7,19.6,114.6
11,2021,Houston Rockets,72,240.3,39.3,88.5,0.444,13.8,40.6,0.339,25.5,47.9,0.532,16.5,22.3,0.74,9.3,33.3,42.6,23.6,7.6,5.0,14.7,19.5,108.8
11,2022,Houston Rockets,82,240.9,39.4,86.4,0.456,13.5,38.7,0.349,25.9,47.7,0.543,17.5,24.5,0.713,9.6,32.4,42.0,23.6,7.3,4.7,16.5,20.6,109.7
11,2023,Houston Rockets,82,240.9,40.6,88.9,0.457,10.4,31.9,0.327,30.2,56.9,0.53,19.1,25.3,0.754,13.4,32.9,46.3,22.4,7.3,4.6,16.2,20.5,110.7
11,2024,Houston Rockets,82,242.1,41.8,91.0,0.459,12.7,36.1,0.352,29.0,54.8,0.53,18.1,23.4,0.773,11.5,34.0,45.5,24.8,7.8,4.6,12.7,20.8,114.3
11,2025,Houston Rockets*,82,241.2,42.5,93.4,0.455,12.7,35.8,0.353,29.8,57.6,0.518,16.7,22.6,0.738,14.6,33.8,48.5,23.3,8.4,5.0,13.9,19.0,114.3
11,2026,Houston Rockets*,82,242.7,43.0,89.8,0.479,11.5,31.5,0.364,31.5,58.3,0.54,17.8,23.4,0.763,15.0,33.1,48.1,25.4,8.5,5.8,15.4,18.3,115.2
12,2021,Indiana Pacers,72,242.4,43.3,91.2,0.474,12.3,34.0,0.364,30.9,57.3,0.54,16.4,20.7,0.792,9.0,33.7,42.7,27.4,8.5,6.4,13.5,20.2,115.3
12,2022,Indiana Pacers,82,242.4,41.4,89.5,0.463,12.2,35.4,0.344,29.3,54.1,0.541,16.4,21.4,0.768,11.3,32.6,43.9,25.4,7.1,5.6,14.4,20.4,111.5
12,2023,Indiana Pacers,82,240.9,42.0,89.6,0.469,13.6,37.0,0.367,28.4,52.6,0.54,18.7,23.7,0.79,10.1,31.4,41.5,27.0,7.7,5.8,14.9,21.2,116.3
12,2024,Indiana Pacers*,82,240.3,47.0,92.7,0.507,13.2,35.3,0.374,33.8,57.4,0.589,16.1,20.5,0.782,10.1,31.4,41.5,30.8,7.7,5.9,12.9,21.4,123.3
12,2025,Indiana Pacers*,82,242.1,43.6,89.3,0.488,13.2,35.8,0.368,30.4,53.6,0.568,17.0,21.6,0.789,9.2,32.7,41.8,29.2,8.5,5.5,13.2,18.7,117.4
12,2026,Indiana Pacers,82,240.9,40.8,89.1,0.458,13.4,37.6,0.356,27.4,51.5,0.533,17.4,22.5,0.776,9.8,32.1,41.9,27.7,7.4,4.6,14.5,20.9,112.4
13,2021,Los Angeles Clippers*,72,240.0,41.8,86.7,0.482,14.3,34.7,0.411,27.5,52.0,0.529,16.2,19.3,0.839,9.4,34.7,44.2,24.4,7.1,4.1,13.2,19.2,114.0
13,2022,Los Angeles Clippers,82,241.2,40.1,87.4,0.458,12.8,34.2,0.374,27.3,53.3,0.512,15.5,19.6,0.793,9.1,34.9,44.0,24.0,7.4,5.0,13.7,18.6,108.4
13,2023,Los Angeles Clippers*,82,241.8,41.1,86.1,0.477,12.7,33.4,0.381,28.4,52.7,0.539,18.7,23.9,0.781,9.8,33.4,43.2,23.9,7.1,4.4,14.2,19.5,113.6
13,2024,Los Angeles Clippers*,82,240.3,42.4,86.7,0.489,12.6,33.2,0.381,29.7,53.5,0.555,18.3,22.2,0.825,10.0,32.9,43.0,25.6,7.8,5.0,13.1,18.5,115.6
13,2025,Los Angeles Clippers*,82,241.5,41.6,86.3,0.482,12.5,33.4,0.373,29.1,52.9,0.55,17.3,21.7,0.797,10.3,33.5,43.8,25.2,9.4,4.5,14.9,18.3,112.9
13,2026,Los Angeles Clippers*,82,241.2,40.5,83.6,0.484,12.4,33.8,0.368,28.1,49.8,0.564,20.3,24.7,0.823,9.6,31.0,40.6,23.7,9.0,4.9,14.3,18.9,113.8
14,2021,Los Angeles Lakers*,72,242.4,40.6,86.1,0.472,11.1,31.2,0.354,29.6,54.8,0.539,17.2,23.3,0.739,9.7,34.6,44.2,24.7,7.8,5.4,15.2,19.1,109.5
14,2022,Los Angeles Lakers,82,243.7,41.6,88.8,0.469,12.0,34.5,0.347,29.7,54.3,0.546,16.8,23.0,0.732,9.5,34.5,44.0,24.0,7.6,5.2,14.5,20.2,112.1
14,2023,Los Angeles Lakers*,82,242.4,42.9,89.0,0.482,10.8,31.2,0.346,32.1,57.8,0.555,20.6,26.6,0.775,10.0,35.7,45.7,25.3,6.4,4.6,14.1,17.9,117.2
14,2024,Los Angeles Lakers*,82,242.1,43.7,87.5,0.499,11.8,31.4,0.377,31.8,56.2,0.567,18.9,24.2,0.782,8.2,34.9,43.1,28.5,7.4,5.5,14.0,15.6,118.0
14,2025,Los Angeles Lakers*,82,240.6,40.9,85.5,0.479,13.3,36.4,0.366,27.6,49.1,0.562,18.2,23.2,0.785,9.7,32.8,42.4,26.0,7.7,4.5,14.0,17.3,113.4
14,2026,Los Angeles Lakers*,82,240.3,42.0,83.7,0.502,11.8,32.9,0.359,30.2,50.8,0.595,20.4,26.8,0.763,9.4,31.5,41.0,25.9,8.5,4.3,14.5,18.5,116.3
15,2021,Memphis Grizzlies*,72,241.7,42.8,91.8,0.467,11.2,31.4,0.356,31.7,60.4,0.525,16.4,21.3,0.771,11.2,35.3,46.5,26.9,9.1,5.1,13.3,18.7,113.3
15,2022,Memphis Grizzlies*,82,241.2,43.5,94.4,0.461,11.5,32.7,0.353,32.0,61.7,0.519,17.0,23.1,0.734,14.1,35.0,49.2,26.0,9.8,6.5,13.2,19.8,115.6
15,2023,Memphis Grizzlies*,82,241.2,43.7,92.1,0.475,12.0,34.2,0.351,31.7,57.9,0.548,17.5,23.8,0.733,12.0,34.6,46.6,26.0,8.3,5.8,13.6,20.0,116.9
15,2024,Memphis Grizzlies,82,241.2,38.4,88.2,0.435,13.1,37.8,0.346,25.3,50.4,0.502,16.0,21.0,0.764,10.9,31.7,42.6,24.7,8.2,6.1,15.1,19.1,105.8
15,2025,Memphis Grizzlies*,82,240.3,44.8,93.3,0.479,13.9,37.9,0.367,30.8,55.5,0.556,18.3,23.3,0.786,12.9,34.4,47.3,28.4,8.9,5.6,15.7,20.9,121.7
15,2026,Memphis Grizzlies,82,240.6,41.3,90.6,0.456,13.9,39.5,0.353,27.4,51.1,0.536,18.0,22.8,0.793,11.2,31.0,42.1,27.8,8.8,4.8,15.1,20.5,114.7
16,2021,Miami Heat*,72,241.4,39.2,83.7,0.468,12.9,36.2,0.358,26.3,47.5,0.553,16.7,21.1,0.79,8.0,33.5,41.5,26.3,7.9,4.0,14.1,18.9,108.1
16,2022,Miami Heat*,82,242.1,39.6,84.8,0.467,13.6,35.8,0.379,26.0,49.0,0.531,17.3,21.4,0.808,9.8,33.9,43.7,25.5,7.4,3.2,14.6,20.5,110.0
16,2023,Miami Heat*,82,241.5,39.2,85.3,0.46,12.0,34.8,0.344,27.3,50.5,0.54,19.1,23.0,0.831,9.7,30.9,40.6,23.8,8.0,3.0,13.5,18.5,109.5
16,2024,Miami Heat*,82,240.9,39.8,85.6,0.465,12.5,33.7,0.37,27.4,51.9,0.527,18.0,22.0,0.818,9.3,33.0,42.3,25.8,7.5,3.4,12.7,17.3,110.1
16,2025,Miami Heat*,82,243.0,40.5,87.0,0.465,13.7,37.3,0.367,26.8,49.7,0.538,16.0,20.2,0.791,9.7,33.7,43.4,26.4,8.1,3.8,13.6,15.5,110.6
16,2026,Miami Heat*,82,240.3,43.7,93.3,0.468,13.7,37.9,0.361,30.0,55.4,0.542,19.8,25.0,0.792,11.8,34.5,46.3,29.0,8.6,4.3,13.7,18.9,120.9
17,2021,Milwaukee Bucks*,72,240.7,44.7,91.8,0.487,14.4,37.1,0.389,30.3,54.7,0.554,16.2,21.4,0.76,10.3,37.8,48.1,25.5,8.1,4.6,13.8,17.3,120.1
17,2022,Milwaukee Bucks*,82,240.9,41.8,89.4,0.468,14.1,38.4,0.366,27.8,51.0,0.544,17.8,22.9,0.776,10.2,36.5,46.7,23.9,7.6,4.0,13.4,18.2,115.5
17,2023,Milwaukee Bucks*,82,241.8,42.7,90.4,0.473,14.8,40.3,0.368,27.9,50.1,0.557,16.6,22.4,0.743,11.1,37.5,48.6,25.8,6.4,4.9,14.6,18.1,116.9
17,2024,Milwaukee Bucks*,82,241.5,43.1,88.5,0.487,14.2,38.1,0.373,29.0,50.4,0.574,18.5,23.9,0.774,9.4,34.8,44.2,26.5,6.8,5.0,12.9,19.2,119.0
17,2025,Milwaukee Bucks*,82,240.9,42.0,86.4,0.486,14.2,36.6,0.387,27.9,49.7,0.56,17.3,23.1,0.75,8.2,35.1,43.4,25.5,7.3,4.7,13.4,17.9,115.5
17,2026,Milwaukee Bucks,82,240.9,40.8,85.5,0.477,15.1,39.1,0.387,25.7,46.4,0.553,13.9,19.1,0.73,8.9,31.8,40.7,25.8,7.4,4.0,15.2,19.7,110.6
18,2021,Minnesota Timberwolves,72,241.7,40.7,90.9,0.448,13.1,37.6,0.349,27.6,53.3,0.518,17.6,23.1,0.761,10.5,33.0,43.5,25.6,8.8,5.5,14.3,20.9,112.1
18,2022,Minnesota Timberwolves*,82,241.2,41.6,91.0,0.457,14.8,41.3,0.358,26.8,49.7,0.54,18.0,23.1,0.778,11.2,32.9,44.2,25.7,8.8,5.6,14.3,21.8,115.9
18,2023,Minnesota Timberwolves*,82,241.8,42.9,87.4,0.49,12.2,33.3,0.365,30.7,54.1,0.568,17.9,23.7,0.755,9.1,32.8,41.9,26.2,8.0,5.4,15.3,21.6,115.8
18,2024,Minnesota Timberwolves*,82,241.5,41.3,85.0,0.485,12.6,32.7,0.387,28.6,52.4,0.546,17.8,22.9,0.777,9.4,34.2,43.6,26.6,7.9,6.1,14.2,18.8,113.0
18,2025,Minnesota Timberwolves*,82,241.8,41.0,87.6,0.468,15.0,39.9,0.377,26.0,47.7,0.545,17.2,21.8,0.789,11.1,33.2,44.3,26.1,8.0,5.0,14.5,18.3,114.3
18,2026,Minnesota Timberwolves*,82,241.2,42.6,88.5,0.481,13.8,37.2,0.37,28.9,51.4,0.562,19.0,25.3,0.752,11.1,33.0,44.1,26.1,8.7,5.8,14.8,21.2,118.0
19,2021,New Orleans Pelicans,72,242.1,42.5,89.1,0.477,10.6,30.4,0.348,31.9,58.6,0.544,19.0,26.1,0.729,11.7,35.7,47.4,26.0,7.6,4.4,14.6,18.0,114.6
19,2022,New Orleans Pelicans*,82,240.9,40.2,88.0,0.457,10.6,32.1,0.332,29.5,55.9,0.528,18.3,23.2,0.789,12.0,33.2,45.2,25.0,8.3,4.0,14.1,19.7,109.3
19,2023,New Orleans Pelicans,82,242.1,42.0,87.6,0.48,11.0,30.1,0.364,31.1,57.5,0.541,19.3,24.4,0.793,10.6,33.1,43.7,25.9,8.3,4.1,14.6,20.5,114.4
19,2024,New Orleans Pelicans*,82,240.3,42.5,87.4,0.486,12.5,32.6,0.383,30.0,54.8,0.548,17.6,22.8,0.771,10.4,33.6,44.0,27.0,8.3,4.6,13.0,18.4,115.1
19,2025,New Orleans Pelicans,82,240.9,40.6,89.9,0.452,12.0,34.6,0.347,28.6,55.2,0.518,16.5,21.9,0.754,12.1,31.5,43.6,25.8,8.5,5.2,14.6,18.3,109.8
19,2026,New Orleans Pelicans,82,241.5,42.1,90.5,0.466,11.1,32.1,0.347,31.0,58.4,0.531,20.1,25.7,0.784,12.2,31.7,43.9,25.1,8.9,5.2,14.2,19.9,115.5
20,2021,New York Knicks*,72,242.1,39.4,86.5,0.456,11.8,30.0,0.392,27.7,56.4,0.49,16.4,20.9,0.784,9.7,35.5,45.1,21.4,7.0,5.1,12.9,20.5,107.0
20,2022,New York Knicks,82,241.2,37.7,86.2,0.437,13.2,36.9,0.357,24.5,49.3,0.497,18.0,24.1,0.744,11.5,34.6,46.1,21.9,7.0,4.9,13.3,20.4,106.5
20,2023,New York Knicks*,82,243.4,42.0,89.4,0.47,12.6,35.7,0.354,29.4,53.6,0.547,19.4,25.5,0.761,12.6,34.0,46.6,22.9,6.4,4.1,13.0,20.3,116.0
20,2024,New York Knicks*,82,240.6,41.3,88.7,0.465,13.2,35.8,0.369,28.1,52.9,0.531,17.0,21.8,0.78,12.7,32.5,45.2,24.4,7.5,4.1,13.2,17.6,112.8
20,2025,New York Knicks*,82,242.4,43.3,89.2,0.486,12.6,34.1,0.369,30.8,55.1,0.558,16.5,20.7,0.8,10.9,31.8,42.6,27.5,8.2,4.0,13.3,17.2,115.8
20,2026,New York Knicks*,82,240.9,42.7,89.4,0.478,14.2,38.2,0.373,28.4,51.2,0.556,16.8,21.3,0.792,12.7,32.9,45.6,27.4,8.1,3.9,13.6,20.0,116.5
21,2021,Oklahoma City Thunder,72,241.0,38.8,88.0,0.441,11.9,35.1,0.339,26.9,52.9,0.509,15.5,21.3,0.725,9.9,35.7,45.6,22.1,7.0,4.4,16.1,18.1,105.0
21,2022,Oklahoma City Thunder,82,241.5,38.3,89.1,0.43,12.1,37.4,0.323,26.2,51.8,0.507,15.0,19.9,0.756,10.4,35.2,45.6,22.2,7.6,4.6,14.0,18.3,103.7
21,2023,Oklahoma City Thunder,82,242.1,43.1,92.6,0.465,12.1,34.1,0.356,31.0,58.5,0.53,19.2,23.7,0.809,11.4,32.3,43.6,24.4,8.2,4.2,13.0,21.0,117.5
21,2024,Oklahoma City Thunder*,82,241.5,44.5,89.3,0.499,13.3,34.2,0.389,31.3,55.1,0.567,17.7,21.5,0.825,8.8,33.2,42.0,27.1,8.5,6.6,12.7,18.8,120.1
21,2025,Oklahoma City Thunder*,82,240.3,44.6,92.7,0.482,14.5,38.8,0.374,30.1,53.9,0.559,16.7,20.4,0.819,10.6,34.2,44.8,26.9,10.3,5.7,11.7,19.9,120.5
21,2026,Oklahoma City Thunder*,82,242.1,43.1,89.1,0.484,13.8,37.9,0.365,29.3,51.2,0.572,19.0,23.2,0.817,9.6,34.6,44.1,25.8,9.7,5.5,12.6,19.0,119.0
22,2021,Orlando Magic,72,240.7,38.3,89.2,0.429,10.9,31.8,0.343,27.4,57.4,0.476,16.6,21.4,0.775,10.4,35.1,45.4,21.8,6.9,4.4,12.8,17.2,104.0
22,2022,Orlando Magic,82,241.2,38.3,88.3,0.434,12.2,36.9,0.331,26.1,51.4,0.507,15.5,19.7,0.787,9.1,35.2,44.3,23.7,6.8,4.5,14.5,19.7,104.2
22,2023,Orlando Magic,82,241.2,40.5,86.3,0.47,10.8,31.1,0.346,29.8,55.2,0.539,19.6,25.0,0.784,10.2,33.1,43.2,23.2,7.4,4.7,15.1,20.1,111.4
22,2024,Orlando Magic*,82,241.2,40.5,84.9,0.476,11.0,31.3,0.352,29.5,53.6,0.549,18.5,24.4,0.759,10.5,31.8,42.3,24.7,8.2,5.2,14.7,19.7,110.5
22,2025,Orlando Magic*,82,240.6,38.2,85.8,0.445,11.2,35.3,0.318,26.9,50.5,0.533,17.9,23.0,0.775,11.1,30.7,41.8,23.0,8.9,6.0,14.2,20.1,105.4
22,2026,Orlando Magic*,82,241.8,41.0,88.3,0.464,11.7,34.1,0.343,29.3,54.2,0.54,22.0,27.5,0.801,11.0,32.4,43.4,26.5,8.5,4.7,14.2,21.0,115.7
23,2021,Philadelphia 76ers*,72,242.1,41.4,86.9,0.476,11.3,30.1,0.374,30.1,56.8,0.531,19.6,25.5,0.767,10.0,35.0,45.1,23.7,9.1,6.2,14.4,20.2,113.6
23,2022,Philadelphia 76ers*,82,241.5,39.4,84.5,0.466,11.6,31.8,0.364,27.8,52.7,0.527,19.6,23.8,0.821,8.5,33.8,42.3,23.7,7.7,5.3,12.5,19.4,109.9
23,2023,Philadelphia 76ers*,82,242.4,40.8,83.8,0.487,12.6,32.6,0.387,28.2,51.2,0.551,21.0,25.1,0.835,8.7,32.2,40.9,25.2,7.7,4.7,13.7,20.4,115.2
23,2024,Philadelphia 76ers*,82,241.2,41.5,89.4,0.464,12.1,33.3,0.363,29.4,56.1,0.525,19.5,23.6,0.826,11.0,31.9,43.0,24.9,8.5,6.0,12.0,20.3,114.6
23,2025,Philadelphia 76ers,82,241.5,39.7,87.4,0.454,12.7,37.2,0.341,27.0,50.2,0.537,17.5,22.5,0.78,10.4,29.4,39.8,23.2,9.2,4.5,13.6,19.0,109.6
23,2026,Philadelphia 76ers*,82,242.4,41.7,90.3,0.462,12.3,35.3,0.349,29.4,55.0,0.535,20.1,24.8,0.809,11.8,31.9,43.6,24.6,9.1,5.7,13.6,20.3,115.9
24,2021,Phoenix Suns*,72,242.8,43.3,88.3,0.49,13.1,34.6,0.378,30.3,53.7,0.563,15.6,18.7,0.834,8.8,34.2,42.9,26.9,7.2,4.3,12.5,19.1,115.3
24,2022,Phoenix Suns*,82,240.6,43.7,90.1,0.485,11.6,31.9,0.364,32.1,58.2,0.551,15.9,19.9,0.797,9.8,35.5,45.3,27.4,8.6,4.4,12.9,19.9,114.8
24,2023,Phoenix Suns*,82,241.2,42.1,90.1,0.467,12.2,32.6,0.374,29.9,57.5,0.52,17.2,21.7,0.793,11.8,32.4,44.2,27.3,7.1,5.3,13.5,21.2,113.6
24,2024,Phoenix Suns*,82,241.2,42.5,86.1,0.493,12.4,32.6,0.382,30.0,53.6,0.561,18.9,23.4,0.808,10.1,33.9,44.1,27.0,7.4,6.0,14.9,18.0,116.2
24,2025,Phoenix Suns,82,241.8,41.2,86.3,0.478,14.3,38.0,0.378,26.9,48.3,0.556,16.8,20.8,0.81,9.5,32.9,42.5,27.8,7.2,4.8,14.1,17.9,113.6
24,2026,Phoenix Suns*,82,240.9,41.0,90.1,0.455,14.8,40.8,0.361,26.2,49.3,0.533,15.8,20.3,0.781,13.0,30.1,43.1,24.6,9.5,4.2,14.5,20.6,112.6
25,2021,Portland Trail Blazers*,72,240.3,41.3,91.1,0.453,15.7,40.8,0.385,25.6,50.3,0.509,17.8,21.6,0.823,10.6,33.9,44.5,21.3,6.9,5.0,11.1,18.9,116.1
25,2022,Portland Trail Blazers,82,240.6,38.5,87.1,0.442,12.7,36.8,0.346,25.8,50.3,0.513,16.4,21.6,0.76,10.4,32.5,42.9,22.9,8.0,4.5,14.5,21.1,106.2
25,2023,Portland Trail Blazers,82,240.6,40.5,85.4,0.474,12.9,35.3,0.365,27.6,50.1,0.55,19.6,24.6,0.796,9.4,31.1,40.5,24.2,6.7,4.6,14.5,20.0,113.4
25,2024,Portland Trail Blazers,82,242.4,39.4,89.7,0.439,11.5,33.2,0.345,27.9,56.5,0.494,16.2,20.5,0.791,12.6,30.1,42.7,23.1,7.6,4.3,15.2,20.2,106.4
25,2025,Portland Trail Blazers,82,241.2,40.5,90.2,0.45,12.9,37.7,0.342,27.7,52.5,0.527,16.9,22.2,0.762,13.4,31.4,44.8,23.8,8.3,5.3,16.0,19.0,110.9
25,2026,Portland Trail Blazers*,82,240.9,40.9,90.1,0.453,14.5,42.2,0.343,26.4,47.9,0.551,19.3,25.2,0.765,14.1,31.9,46.0,25.1,8.3,5.5,17.3,19.9,115.5
26,2021,Sacramento Kings,72,240.3,42.6,88.6,0.481,12.1,33.3,0.364,30.5,55.3,0.551,16.4,22.0,0.745,9.4,32.0,41.4,25.5,7.5,5.0,13.4,19.4,113.7
26,2022,Sacramento Kings,82,241.5,40.5,88.1,0.46,11.4,33.2,0.344,29.1,54.9,0.53,17.9,23.3,0.768,9.6,33.4,42.9,23.7,7.2,4.5,14.1,18.9,110.3
26,2023,Sacramento Kings*,82,241.8,43.6,88.2,0.494,13.8,37.3,0.369,29.8,50.9,0.586,19.8,25.1,0.79,9.5,32.9,42.5,27.3,7.0,3.4,13.5,19.7,120.7
26,2024,Sacramento Kings,82,242.1,43.3,90.9,0.477,14.4,39.3,0.366,29.0,51.7,0.561,15.5,20.9,0.745,10.8,33.2,44.0,28.3,7.6,4.2,13.1,19.9,116.6
26,2025,Sacramento Kings,82,242.4,43.0,90.1,0.478,12.6,35.2,0.357,30.5,54.9,0.555,17.1,21.2,0.806,11.0,33.2,44.2,26.5,7.6,4.4,13.3,18.9,115.7
26,2026,Sacramento Kings,82,240.9,41.6,89.0,0.467,10.3,30.2,0.34,31.3,58.8,0.532,17.6,22.8,0.772,11.5,30.8,42.3,25.5,8.0,4.5,14.3,19.7,111.0
27,2021,San Antonio Spurs,72,242.8,41.9,90.5,0.462,9.9,28.4,0.35,31.9,62.1,0.514,17.4,22.0,0.792,9.3,34.6,43.9,24.4,7.0,5.1,11.4,18.0,111.1
27,2022,San Antonio Spurs,82,241.5,43.2,92.7,0.467,11.3,32.0,0.352,32.0,60.7,0.527,15.4,20.4,0.754,11.0,34.3,45.3,27.9,7.6,4.9,12.7,18.1,113.2
27,2023,San Antonio Spurs,82,242.1,43.1,92.6,0.465,11.1,32.2,0.345,32.0,60.4,0.529,15.8,21.2,0.743,11.8,31.9,43.7,27.2,7.0,3.9,15.3,19.9,113.0
27,2024,San Antonio Spurs,82,241.8,41.9,90.7,0.462,12.6,36.4,0.347,29.3,54.3,0.539,15.6,20.0,0.782,10.4,33.9,44.2,29.9,7.1,6.3,15.1,17.2,112.1
27,2025,San Antonio Spurs,82,240.6,41.8,89.8,0.465,14.1,39.6,0.357,27.7,50.2,0.551,16.2,21.0,0.774,10.9,32.7,43.7,28.6,8.2,5.5,13.9,16.6,113.9
27,2026,San Antonio Spurs*,82,240.6,43.4,89.9,0.483,13.6,37.9,0.359,29.8,52.0,0.574,19.3,24.6,0.787,11.4,35.6,47.0,28.1,7.5,5.5,13.5,18.9,119.8
28,2021,Toronto Raptors,72,240.3,39.7,88.7,0.448,14.5,39.3,0.368,25.3,49.3,0.512,17.4,21.3,0.815,9.4,32.1,41.6,24.1,8.6,5.4,13.2,21.2,111.3
28,2022,Toronto Raptors*,82,242.1,40.6,91.3,0.445,11.9,34.2,0.349,28.7,57.1,0.503,16.2,21.3,0.759,13.4,32.0,45.3,22.1,9.0,4.6,12.5,19.6,109.4
28,2023,Toronto Raptors,82,241.5,41.9,91.3,0.459,10.7,32.0,0.335,31.1,59.3,0.525,18.4,23.4,0.784,12.7,30.3,43.0,23.9,9.4,5.2,11.7,20.0,112.9
28,2024,Toronto Raptors,82,241.5,42.3,89.7,0.471,11.5,33.1,0.347,30.8,56.6,0.543,16.3,21.6,0.756,10.9,31.8,42.7,28.5,7.7,4.7,14.0,18.4,112.4
28,2025,Toronto Raptors,82,241.5,41.6,91.0,0.458,11.8,34.0,0.348,29.8,57.0,0.523,15.8,21.1,0.748,12.6,32.5,45.1,28.5,8.1,4.2,15.3,21.2,110.9
28,2026,Toronto Raptors*,82,241.2,42.6,88.4,0.482,11.4,32.1,0.354,31.3,56.3,0.555,18.0,23.4,0.769,10.9,31.2,42.1,29.5,8.8,4.8,13.7,20.9,114.6
29,2021,Utah Jazz*,72,241.0,41.3,88.1,0.468,16.7,43.0,0.389,24.5,45.1,0.544,17.2,21.5,0.799,10.6,37.6,48.3,23.7,6.6,5.2,14.2,18.5,116.4
29,2022,Utah Jazz*,82,240.6,40.6,86.2,0.471,14.5,40.3,0.36,26.0,45.8,0.568,17.9,23.4,0.767,10.8,35.6,46.3,22.4,7.2,4.9,14.0,18.9,113.6
29,2023,Utah Jazz,82,241.5,42.5,89.8,0.473,13.3,37.8,0.353,29.2,52.0,0.56,18.7,23.8,0.786,11.8,34.1,45.9,26.0,6.1,5.2,15.4,20.5,117.1
29,2024,Utah Jazz,82,241.5,42.0,89.9,0.467,12.9,36.5,0.354,29.1,53.4,0.544,18.8,22.6,0.83,12.2,33.2,45.5,27.2,6.5,5.6,15.7,18.6,115.7
29,2025,Utah Jazz,82,241.5,40.3,88.7,0.454,14.0,39.8,0.35,26.4,48.8,0.54,17.3,22.4,0.774,12.0,33.4,45.4,25.5,6.8,4.4,17.2,18.9,111.9
29,2026,Utah Jazz,82,241.8,42.5,91.1,0.467,12.6,36.7,0.345,29.9,54.4,0.55,19.9,25.3,0.786,12.0,31.8,43.8,29.6,8.9,3.8,15.5,21.1,117.6
30,2021,Washington Wizards*,72,241.7,43.2,90.9,0.475,10.2,29.0,0.351,33.0,61.9,0.533,20.1,26.2,0.769,9.7,35.5,45.2,25.5,7.3,4.1,14.4,21.6,116.6
30,2022,Washington Wizards,82,241.8,40.6,86.0,0.472,10.5,30.6,0.342,30.1,55.4,0.543,17.0,21.7,0.783,9.0,34.1,43.1,25.0,6.4,5.0,13.1,18.8,108.6
30,2023,Washington Wizards,82,240.9,42.1,86.9,0.485,11.3,31.7,0.356,30.9,55.2,0.559,17.6,22.4,0.785,9.4,34.2,43.6,25.4,6.8,5.2,14.1,18.8,113.2
30,2024,Washington Wizards,82,240.6,43.0,91.4,0.47,12.4,35.5,0.348,30.6,55.8,0.548,15.4,20.2,0.764,9.2,31.9,41.1,27.9,7.6,5.1,14.0,20.0,113.7
30,2025,Washington Wizards,82,240.6,39.4,89.9,0.439,13.1,39.1,0.335,26.3,50.7,0.519,16.0,20.6,0.778,10.6,33.1,43.7,25.1,7.6,5.1,15.6,19.7,108.0
30,2026,Washington Wizards,82,240.9,41.8,90.4,0.463,13.0,36.4,0.359,28.8,54.0,0.533,16.2,21.2,0.766,11.0,30.9,41.9,25.0,8.0,5.5,15.7,21.3,112.9
